id,recorded_type,recorded_date,recorded_amount,recorded_approver,recorded_preparer,recorded_payment/receipt_status,recorded_cost_per_unit,recorded_payment_method,supplier_id,supplier_name,product_id,recorded_product_name,recorded_quantity,recorded_unit_price,recorded_receive_method,recorded_customer_id,recorded_tax_amount,recorded_after_tax_amount,recorded_cost_amount,recorded_profit,asset_name,asset_type,invoice,risk_issues
Initial20231231001,Cash deposit,2023-12-31,3000000.0,,,,,,,,,,,,,,,,,,,,"On December 31, 2023, an invoice was issued for a Cash deposit, totaling $3000000.00.",
Initial20231231001,Bank deposit,2023-12-31,5000000.0,,,,,,,,,,,,,,,,,,,,"On December 31, 2023, an invoice was issued for a Bank deposit, totaling $5000000.00.",
Initial20231231001,Fixed Assets,2023-12-31,5000000.0,,,,,,,,,,,,,,,,,,,,"On December 31, 2023, an invoice was issued for a Fixed Assets, totaling $5000000.00.",
Purchase20231231001,Purchase,2023-12-31,180000.0,Director,Staff,Unpaid,20000.0,Account Payable,S008,Supplier 8,P003,Premium Product C,9.0,20000.0,,,,,,,,,"On December 31, 2023, an invoice was issued for a Purchase, consisting of 9.0 units at a unit price of $20000.00, totaling $180000.00. The payment_method of this transaction was account payable, and this transaction was unpaid. This transaction was prepared by Staff, and the approver is Director. The supplier ID is S008, and the supplier name is Supplier 8.",
Expense20240101001,Sales Expenses,2024-01-01,27754.04,Director,Senior Staff,Paid,,Cash,,,,,,,,,,,,,,,"On January 01, 2024, an invoice was issued for a Sales Expenses, totaling $27754.04. The payment_method of this transaction was cash, and this transaction was paid. This transaction was prepared by Senior Staff, and the approver is Director.",
Expense20240101001,Sales Expenses,2024-01-01,6461.03,Director,Supervisor,Paid,,Cash,,,,,,,,,,,,,,,"On January 01, 2024, an invoice was issued for a Sales Expenses, totaling $6461.03. The payment_method of this transaction was cash, and this transaction was paid. This transaction was prepared by Supervisor, and the approver is Director.",
Depreciation20240101001,Depreciation,2024-01-01,45749.76,,,,,,,,,,,,,,,,,,,,"On January 01, 2024, an invoice was issued for a Depreciation, totaling $45749.76.",
Interest20240101001,Interest Receivables,2024-01-01,445.0,,,Unpaid,,,,,,,,,Interest receviable,,,,,,,,"On January 01, 2024, an invoice was issued for a Interest Receivables, totaling $445.00. The receive_method of this transaction was interest receviable, and this transaction was unpaid.",
Sale20240102003,Sales Expenses,2024-01-31,39394.9,,,Paid,20000.0,,,,P003,Premium Product C,1.0,39206.62,Cash,C009,1969.75,37425.15,20000.0,19394.9,,,"On January 02, 2024, an invoice was issued for a Sale, consisting of 1.0 units at a unit price of $39394.90, totaling $39394.90. The cost amount for this transaction was $20000.00, with a tax amount of $1969.75, leading to a total amount due of $37425.15. The receive_method of this transaction was cash, and this transaction was paid.","[{'Original date': '2024-01-02', 'Recorded date': '2024-01-31', 'id': 'Sale20240102003'}, {'Original price': 39394.9, 'Recorded price': 39206.62, 'id': 'Sale20240102003'}, {'Original category': 'Sale', 'Recorded category': 'Sales Expenses', 'id': 'Sale20240102003'}]"
Sale20240102004,Sale,2024-01-02,38148.42,,,Paid,20000.0,,,,P003,Premium Product C,1.0,38148.42,Cash,C006,1907.42,36241.0,20000.0,18148.42,,,"On January 02, 2024, an invoice was issued for a Sale, consisting of 1.0 units at a unit price of $38148.42, totaling $38148.42. The cost amount for this transaction was $20000.00, with a tax amount of $1907.42, leading to a total amount due of $36241.00. The receive_method of this transaction was cash, and this transaction was paid.",
Purchase20231231002,Purchase,2023-12-31,40000.0,Director,Senior Staff,Paid,5000.0,Bank Transfer,S008,Supplier 8,P001,Premium Product A,8.0,5000.0,,,,,,,,,"On December 31, 2023, an invoice was issued for a Purchase, consisting of 8.0 units at a unit price of $5000.00, totaling $40000.00. The payment_method of this transaction was bank transfer, and this transaction was paid. This transaction was prepared by Senior Staff, and the approver is Director. The supplier ID is S008, and the supplier name is Supplier 8.",
Purchase20231231003,Purchase,2023-12-31,150000.0,Director,Senior Staff,Unpaid,50000.0,Account Payable,S004,Supplier 4,P004,Premium Product D,3.0,50000.0,,,,,,,,,"On December 31, 2023, an invoice was issued for a Purchase, consisting of 3.0 units at a unit price of $50000.00, totaling $150000.00. The payment_method of this transaction was account payable, and this transaction was unpaid. This transaction was prepared by Senior Staff, and the approver is Director. The supplier ID is S004, and the supplier name is Supplier 4.",
Expense20240102001,Sales Expenses,2024-01-02,6031.59,Director,Staff,Paid,,Cash,,,,,,,,,,,,,,,"On January 02, 2024, an invoice was issued for a Sales Expenses, totaling $6031.59. The payment_method of this transaction was cash, and this transaction was paid. This transaction was prepared by Staff, and the approver is Director.",
Expense20240102001,Financial Expenses,2024-01-02,18889.24,Director,Staff,Paid,,Cash,,,,,,,,,,,,,,,"On January 02, 2024, an invoice was issued for a Financial Expenses, totaling $18889.24. The payment_method of this transaction was cash, and this transaction was paid. This transaction was prepared by Staff, and the approver is Director.",
Expense20240102001,Administrative Expenses,2024-01-02,13598.33,Director,Supervisor,Paid,,Cash,,,,,,,,,,,,,,,"On January 02, 2024, an invoice was issued for a Administrative Expenses, totaling $13598.33. The payment_method of this transaction was cash, and this transaction was paid. This transaction was prepared by Supervisor, and the approver is Director.",
Interest20240102002,Interest Receivables,2024-01-02,441.44,,,Unpaid,,,,,,,,,Interest receviable,,,,,,,,"On January 02, 2024, an invoice was issued for a Interest Receivables, totaling $441.44. The receive_method of this transaction was interest receviable, and this transaction was unpaid.",
Sale20240103006,Sale,2024-01-03,17983.04,,,Unpaid,5000.0,,,,P001,Premium Product A,2.0,8991.52,Account Receviable,C008,899.15,17083.89,10000.0,7983.04,,,"On January 03, 2024, an invoice was issued for a Sale, consisting of 2.0 units at a unit price of $8991.52, totaling $17983.04. The cost amount for this transaction was $10000.00, with a tax amount of $899.15, leading to a total amount due of $17083.89. The receive_method of this transaction was account receviable, and this transaction was unpaid.",
Expense20240103001,Financial Expenses,2024-01-03,29563.21,Director,Senior Staff,Paid,,Cash,,,,,,,,,,,,,,,"On January 03, 2024, an invoice was issued for a Financial Expenses, totaling $29563.21. The payment_method of this transaction was cash, and this transaction was paid. This transaction was prepared by Senior Staff, and the approver is Director.",
Expense20240103001,Sales Expenses,2024-01-03,27436.74,Director,Supervisor,Paid,,Cash,,,,,,,,,,,,,,,"On January 03, 2024, an invoice was issued for a Sales Expenses, totaling $27436.74. The payment_method of this transaction was cash, and this transaction was paid. This transaction was prepared by Supervisor, and the approver is Director.",
Interest20240103003,Interest Receivables,2024-01-03,441.44,,,Unpaid,,,,,,,,,Interest receviable,,,,,,,,"On January 03, 2024, an invoice was issued for a Interest Receivables, totaling $441.44. The receive_method of this transaction was interest receviable, and this transaction was unpaid.",
Sale20240104008,Sale,2024-01-04,90340.71,,,Paid,50000.0,,,,P004,Premium Product D,1.0,90340.71,Cash,C015,4517.04,85823.67,50000.0,40340.71,,,"On January 04, 2024, an invoice was issued for a Sale, consisting of 1.0 units at a unit price of $90340.71, totaling $90340.71. The cost amount for this transaction was $50000.00, with a tax amount of $4517.04, leading to a total amount due of $85823.67. The receive_method of this transaction was cash, and this transaction was paid.",
Sale20240104009,Sale,2024-01-04,9073.85,,,Paid,5000.0,,,,P001,Premium Product A,1.0,9073.85,Cash,C002,453.69,8620.16,5000.0,4073.85,,,"On January 04, 2024, an invoice was issued for a Sale, consisting of 1.0 units at a unit price of $9073.85, totaling $9073.85. The cost amount for this transaction was $5000.00, with a tax amount of $453.69, leading to a total amount due of $8620.16. The receive_method of this transaction was cash, and this transaction was paid.",
Purchase20231231004,Purchase,2023-12-31,350000.0,Director,Supervisor,Unpaid,50000.0,Account Payable,S004,Supplier 4,P004,Premium Product D,7.0,50000.0,,,,,,,,,"On December 31, 2023, an invoice was issued for a Purchase, consisting of 7.0 units at a unit price of $50000.00, totaling $350000.00. The payment_method of this transaction was account payable, and this transaction was unpaid. This transaction was prepared by Supervisor, and the approver is Director. The supplier ID is S004, and the supplier name is Supplier 4.",
Purchase20231231005,Purchase,2023-12-31,45000.0,Director,Senior Staff,Paid,5000.0,Bank Transfer,S008,Supplier 8,P001,Premium Product A,9.0,5000.0,,,,,,,,,"On December 31, 2023, an invoice was issued for a Purchase, consisting of 9.0 units at a unit price of $5000.00, totaling $45000.00. The payment_method of this transaction was bank transfer, and this transaction was paid. This transaction was prepared by Senior Staff, and the approver is Director. The supplier ID is S008, and the supplier name is Supplier 8.",
Expense20240104001,Sales Expenses,2024-01-04,17413.76,Director,Staff,Paid,,Cash,,,,,,,,,,,,,,,"On January 04, 2024, an invoice was issued for a Sales Expenses, totaling $17413.76. The payment_method of this transaction was cash, and this transaction was paid. This transaction was prepared by Staff, and the approver is Director.",
Expense20240104001,Sales Expenses,2024-01-04,11853.48,Director,Staff,Paid,,Cash,,,,,,,,,,,,,,,"On January 04, 2024, an invoice was issued for a Sales Expenses, totaling $11853.48. The payment_method of this transaction was cash, and this transaction was paid. This transaction was prepared by Staff, and the approver is Director.",
Expense20240104001,Administrative Expenses,2024-01-04,11440.73,Director,Senior Staff,Paid,,Cash,,,,,,,,,,,,,,,"On January 04, 2024, an invoice was issued for a Administrative Expenses, totaling $11440.73. The payment_method of this transaction was cash, and this transaction was paid. This transaction was prepared by Senior Staff, and the approver is Director.",
Interest20240104004,Interest Receivables,2024-01-04,437.44,,,Unpaid,,,,,,,,,Interest receviable,,,,,,,,"On January 04, 2024, an invoice was issued for a Interest Receivables, totaling $437.44. The receive_method of this transaction was interest receviable, and this transaction was unpaid.",
Sale20240105012,Sale,2024-01-05,26562.3,,,Paid,5000.0,,,,P001,Premium Product A,3.0,8854.1,Cash,C020,1328.12,25234.18,15000.0,11562.3,,,"On January 05, 2024, an invoice was issued for a Sale, consisting of 3.0 units at a unit price of $8854.10, totaling $26562.30. The cost amount for this transaction was $15000.00, with a tax amount of $1328.12, leading to a total amount due of $25234.18. The receive_method of this transaction was cash, and this transaction was paid.",
Sale20240105013,Sale,2024-01-05,26388.51,,,Paid,5000.0,,,,P001,Premium Product A,3.0,8796.17,Cash,C002,1319.43,25069.08,15000.0,11388.51,,,"On January 05, 2024, an invoice was issued for a Sale, consisting of 3.0 units at a unit price of $8796.17, totaling $26388.51. The cost amount for this transaction was $15000.00, with a tax amount of $1319.43, leading to a total amount due of $25069.08. The receive_method of this transaction was cash, and this transaction was paid.",
Sale20240105014,Sale,2024-01-05,78070.82,,,Unpaid,20000.0,,,,P003,Premium Product C,2.0,39035.41,Account Receviable,C004,3903.54,74167.28,40000.0,38070.82,,,"On January 05, 2024, an invoice was issued for a Sale, consisting of 2.0 units at a unit price of $39035.41, totaling $78070.82. The cost amount for this transaction was $40000.00, with a tax amount of $3903.54, leading to a total amount due of $74167.28. The receive_method of this transaction was account receviable, and this transaction was unpaid.",
Purchase20231231006,Purchase,2023-12-31,140000.0,Director,Senior Staff,Paid,20000.0,Bank Transfer,S007,Supplier 7,P003,Premium Product C,7.0,20000.0,,,,,,,,,"On December 31, 2023, an invoice was issued for a Purchase, consisting of 7.0 units at a unit price of $20000.00, totaling $140000.00. The payment_method of this transaction was bank transfer, and this transaction was paid. This transaction was prepared by Senior Staff, and the approver is Director. The supplier ID is S007, and the supplier name is Supplier 7.",
Purchase20231231007,Purchase,2023-12-31,100000.0,Director,Supervisor,Paid,10000.0,Bank Transfer,S006,Supplier 6,P002,Premium Product B,10.0,10000.0,,,,,,,,,"On December 31, 2023, an invoice was issued for a Purchase, consisting of 10.0 units at a unit price of $10000.00, totaling $100000.00. The payment_method of this transaction was bank transfer, and this transaction was paid. This transaction was prepared by Supervisor, and the approver is Director. The supplier ID is S006, and the supplier name is Supplier 6.",
Expense20240105001,Sales Expenses,2024-01-05,17319.8,Director,Staff,Paid,,Cash,,,,,,,,,,,,,,,"On January 05, 2024, an invoice was issued for a Sales Expenses, totaling $17319.80. The payment_method of this transaction was cash, and this transaction was paid. This transaction was prepared by Staff, and the approver is Director.",
Expense20240105001,Sales Expenses,2024-01-05,13385.96,Director,Staff,Paid,,Cash,,,,,,,,,,,,,,,"On January 05, 2024, an invoice was issued for a Sales Expenses, totaling $13385.96. The payment_method of this transaction was cash, and this transaction was paid. This transaction was prepared by Staff, and the approver is Director.",
Expense20240105001,Financial Expenses,2024-01-05,3450.52,Director,Staff,Paid,,Cash,,,,,,,,,,,,,,,"On January 05, 2024, an invoice was issued for a Financial Expenses, totaling $3450.52. The payment_method of this transaction was cash, and this transaction was paid. This transaction was prepared by Staff, and the approver is Director.",
Interest20240105005,Interest Receivables,2024-01-05,416.08,,,Unpaid,,,,,,,,,Interest receviable,,,,,,,,"On January 05, 2024, an invoice was issued for a Interest Receivables, totaling $416.08. The receive_method of this transaction was interest receviable, and this transaction was unpaid.",
Sale20240106017,Sale,2024-01-06,38436.94,,,Paid,10000.0,,,,P002,Premium Product B,2.0,19218.47,Cash,C018,1921.85,36515.09,20000.0,18436.94,,,"On January 06, 2024, an invoice was issued for a Sale, consisting of 2.0 units at a unit price of $19218.47, totaling $38436.94. The cost amount for this transaction was $20000.00, with a tax amount of $1921.85, leading to a total amount due of $36515.09. The receive_method of this transaction was cash, and this transaction was paid.",
Expense20240106001,Administrative Expenses,2024-01-06,17441.5,Director,Supervisor,Paid,,Cash,,,,,,,,,,,,,,,"On January 06, 2024, an invoice was issued for a Administrative Expenses, totaling $17441.50. The payment_method of this transaction was cash, and this transaction was paid. This transaction was prepared by Supervisor, and the approver is Director.",
Expense20240106001,Financial Expenses,2024-01-06,7166.4,Director,Staff,Paid,,Cash,,,,,,,,,,,,,,,"On January 06, 2024, an invoice was issued for a Financial Expenses, totaling $7166.40. The payment_method of this transaction was cash, and this transaction was paid. This transaction was prepared by Staff, and the approver is Director.",
Expense20240106001,Sales Expenses,2024-01-06,15181.71,Director,Staff,Paid,,Cash,,,,,,,,,,,,,,,"On January 06, 2024, an invoice was issued for a Sales Expenses, totaling $15181.71. The payment_method of this transaction was cash, and this transaction was paid. This transaction was prepared by Staff, and the approver is Director.",
Interest20240106006,Interest Receivables,2024-01-06,416.08,,,Unpaid,,,,,,,,,Interest receviable,,,,,,,,"On January 06, 2024, an invoice was issued for a Interest Receivables, totaling $416.08. The receive_method of this transaction was interest receviable, and this transaction was unpaid.",
Sale20240107019,Sale,2024-01-07,36168.09,,,Paid,20000.0,,,,P003,Premium Product C,1.0,36168.09,Cash,C016,1808.4,34359.69,20000.0,16168.09,,,"On January 07, 2024, an invoice was issued for a Sale, consisting of 1.0 units at a unit price of $36168.09, totaling $36168.09. The cost amount for this transaction was $20000.00, with a tax amount of $1808.40, leading to a total amount due of $34359.69. The receive_method of this transaction was cash, and this transaction was paid.",
Expense20240107001,Sales Expenses,2024-01-07,29279.52,Director,Supervisor,Paid,,Cash,,,,,,,,,,,,,,,"On January 07, 2024, an invoice was issued for a Sales Expenses, totaling $29279.52. The payment_method of this transaction was cash, and this transaction was paid. This transaction was prepared by Supervisor, and the approver is Director.",
Expense20240107001,Sales Expenses,2024-01-07,13430.69,Director,Senior Staff,Paid,,Cash,,,,,,,,,,,,,,,"On January 07, 2024, an invoice was issued for a Sales Expenses, totaling $13430.69. The payment_method of this transaction was cash, and this transaction was paid. This transaction was prepared by Senior Staff, and the approver is Director.",
Expense20240107001,Administrative Expenses,2024-01-07,16376.52,Director,Senior Staff,Paid,,Cash,,,,,,,,,,,,,,,"On January 07, 2024, an invoice was issued for a Administrative Expenses, totaling $16376.52. The payment_method of this transaction was cash, and this transaction was paid. This transaction was prepared by Senior Staff, and the approver is Director.",
Interest20240107007,Interest Receivables,2024-01-07,416.08,,,Unpaid,,,,,,,,,Interest receviable,,,,,,,,"On January 07, 2024, an invoice was issued for a Interest Receivables, totaling $416.08. The receive_method of this transaction was interest receviable, and this transaction was unpaid.",
Sale20240108022,Sale,2024-01-08,173165.24,,,Paid,50000.0,,,,P004,Premium Product D,2.0,86582.62,Cash,C007,8658.26,164506.98,100000.0,73165.24,,,"On January 08, 2024, an invoice was issued for a Sale, consisting of 2.0 units at a unit price of $86582.62, totaling $173165.24. The cost amount for this transaction was $100000.00, with a tax amount of $8658.26, leading to a total amount due of $164506.98. The receive_method of this transaction was cash, and this transaction was paid.",
Sale20240108023,Sale,2024-01-08,98199.15,,,Paid,50000.0,,,,P004,Premium Product D,1.0,98199.15,Cash,C012,4909.96,93289.19,50000.0,48199.15,,,"On January 08, 2024, an invoice was issued for a Sale, consisting of 1.0 units at a unit price of $98199.15, totaling $98199.15. The cost amount for this transaction was $50000.00, with a tax amount of $4909.96, leading to a total amount due of $93289.19. The receive_method of this transaction was cash, and this transaction was paid.",
Expense20240108001,Administrative Expenses,2024-01-08,11170.75,Director,Supervisor,Paid,,Cash,,,,,,,,,,,,,,,"On January 08, 2024, an invoice was issued for a Administrative Expenses, totaling $11170.75. The payment_method of this transaction was cash, and this transaction was paid. This transaction was prepared by Supervisor, and the approver is Director.",
Expense20240108001,Administrative Expenses,2024-01-08,3796.88,Director,Senior Staff,Paid,,Cash,,,,,,,,,,,,,,,"On January 08, 2024, an invoice was issued for a Administrative Expenses, totaling $3796.88. The payment_method of this transaction was cash, and this transaction was paid. This transaction was prepared by Senior Staff, and the approver is Director.",
Interest20240108008,Interest Receivables,2024-01-08,416.08,,,Unpaid,,,,,,,,,Interest receviable,,,,,,,,"On January 08, 2024, an invoice was issued for a Interest Receivables, totaling $416.08. The receive_method of this transaction was interest receviable, and this transaction was unpaid.",
Sale20240109024,Sale,2024-01-09,18699.29,,,Paid,10000.0,,,,P002,Premium Product B,1.0,18699.29,Cash,C019,934.96,17764.33,10000.0,8699.29,,,"On January 09, 2024, an invoice was issued for a Sale, consisting of 1.0 units at a unit price of $18699.29, totaling $18699.29. The cost amount for this transaction was $10000.00, with a tax amount of $934.96, leading to a total amount due of $17764.33. The receive_method of this transaction was cash, and this transaction was paid.",
Sale20240109025,Sale,2024-01-09,19892.26,,,Paid,10000.0,,,,P002,Premium Product B,1.0,19892.26,Cash,C019,994.61,18897.65,10000.0,9892.26,,,"On January 09, 2024, an invoice was issued for a Sale, consisting of 1.0 units at a unit price of $19892.26, totaling $19892.26. The cost amount for this transaction was $10000.00, with a tax amount of $994.61, leading to a total amount due of $18897.65. The receive_method of this transaction was cash, and this transaction was paid.",
Expense20240109001,Sales Expenses,2024-01-09,28353.6,Director,Staff,Paid,,Cash,,,,,,,,,,,,,,,"On January 09, 2024, an invoice was issued for a Sales Expenses, totaling $28353.60. The payment_method of this transaction was cash, and this transaction was paid. This transaction was prepared by Staff, and the approver is Director.",
Expense20240109001,Financial Expenses,2024-01-09,8332.03,Director,Senior Staff,Paid,,Cash,,,,,,,,,,,,,,,"On January 09, 2024, an invoice was issued for a Financial Expenses, totaling $8332.03. The payment_method of this transaction was cash, and this transaction was paid. This transaction was prepared by Senior Staff, and the approver is Director.",
Expense20240109001,Sales Expenses,2024-01-09,5017.73,Director,Senior Staff,Paid,,Cash,,,,,,,,,,,,,,,"On January 09, 2024, an invoice was issued for a Sales Expenses, totaling $5017.73. The payment_method of this transaction was cash, and this transaction was paid. This transaction was prepared by Senior Staff, and the approver is Director.",
Interest20240109009,Interest Receivables,2024-01-09,416.08,,,Unpaid,,,,,,,,,Interest receviable,,,,,,,,"On January 09, 2024, an invoice was issued for a Interest Receivables, totaling $416.08. The receive_method of this transaction was interest receviable, and this transaction was unpaid.",
Sale20240110028,Sale,2024-01-10,177001.96,,,Unpaid,50000.0,,,,P004,Premium Product D,2.0,88500.98,Account Receviable,C013,8850.1,168151.86,100000.0,77001.96,,,"On January 10, 2024, an invoice was issued for a Sale, consisting of 2.0 units at a unit price of $88500.98, totaling $177001.96. The cost amount for this transaction was $100000.00, with a tax amount of $8850.10, leading to a total amount due of $168151.86. The receive_method of this transaction was account receviable, and this transaction was unpaid.",
Sale20240110029,Sale,2024-01-10,174585.2,,,Paid,50000.0,,,,P004,Premium Product D,2.0,87292.6,Cash,C016,8729.26,165855.94,100000.0,74585.2,,,"On January 10, 2024, an invoice was issued for a Sale, consisting of 2.0 units at a unit price of $87292.60, totaling $174585.20. The cost amount for this transaction was $100000.00, with a tax amount of $8729.26, leading to a total amount due of $165855.94. The receive_method of this transaction was cash, and this transaction was paid.",
Expense20240110001,Sales Expenses,2024-01-10,12391.14,Director,Supervisor,Paid,,Cash,,,,,,,,,,,,,,,"On January 10, 2024, an invoice was issued for a Sales Expenses, totaling $12391.14. The payment_method of this transaction was cash, and this transaction was paid. This transaction was prepared by Supervisor, and the approver is Director.",
Expense20240110001,Sales Expenses,2024-01-10,18972.61,Director,Supervisor,Paid,,Cash,,,,,,,,,,,,,,,"On January 10, 2024, an invoice was issued for a Sales Expenses, totaling $18972.61. The payment_method of this transaction was cash, and this transaction was paid. This transaction was prepared by Supervisor, and the approver is Director.",
Expense20240110001,Sales Expenses,2024-01-10,25408.23,Director,Senior Staff,Paid,,Cash,,,,,,,,,,,,,,,"On January 10, 2024, an invoice was issued for a Sales Expenses, totaling $25408.23. The payment_method of this transaction was cash, and this transaction was paid. This transaction was prepared by Senior Staff, and the approver is Director.",
Interest20240110010,Interest Receivables,2024-01-10,416.08,,,Unpaid,,,,,,,,,Interest receviable,,,,,,,,"On January 10, 2024, an invoice was issued for a Interest Receivables, totaling $416.08. The receive_method of this transaction was interest receviable, and this transaction was unpaid.",
Sale20240111033,Sale,2024-01-11,26270.43,,,Unpaid,5000.0,,,,P001,Premium Product A,3.0,8756.81,Account Receviable,C007,1313.52,24956.91,15000.0,11270.43,,,"On January 11, 2024, an invoice was issued for a Sale, consisting of 3.0 units at a unit price of $8756.81, totaling $26270.43. The cost amount for this transaction was $15000.00, with a tax amount of $1313.52, leading to a total amount due of $24956.91. The receive_method of this transaction was account receviable, and this transaction was unpaid.",
Sale20240111034,Sale,2024-01-11,196067.34,,,Paid,50000.0,,,,P004,Premium Product D,2.0,98033.67,Cash,C001,9803.37,186263.97,100000.0,96067.34,,,"On January 11, 2024, an invoice was issued for a Sale, consisting of 2.0 units at a unit price of $98033.67, totaling $196067.34. The cost amount for this transaction was $100000.00, with a tax amount of $9803.37, leading to a total amount due of $186263.97. The receive_method of this transaction was cash, and this transaction was paid.",
Sale20240111035,Sale,2024-01-11,17185.29,,,Paid,10000.0,,,,P002,Premium Product B,1.0,17185.29,Cash,C018,859.26,16326.03,10000.0,7185.29,,,"On January 11, 2024, an invoice was issued for a Sale, consisting of 1.0 units at a unit price of $17185.29, totaling $17185.29. The cost amount for this transaction was $10000.00, with a tax amount of $859.26, leading to a total amount due of $16326.03. The receive_method of this transaction was cash, and this transaction was paid.",
Purchase20231231008,Purchase,2023-12-31,25000.0,Director,Supervisor,Paid,5000.0,Cash,S008,Supplier 8,P001,Premium Product A,5.0,5000.0,,,,,,,,,"On December 31, 2023, an invoice was issued for a Purchase, consisting of 5.0 units at a unit price of $5000.00, totaling $25000.00. The payment_method of this transaction was cash, and this transaction was paid. This transaction was prepared by Supervisor, and the approver is Director. The supplier ID is S008, and the supplier name is Supplier 8.",
Purchase20231231009,Purchase,2023-12-31,80000.0,Director,Staff,Paid,10000.0,Cash,S007,Supplier 7,P002,Premium Product B,8.0,10000.0,,,,,,,,,"On December 31, 2023, an invoice was issued for a Purchase, consisting of 8.0 units at a unit price of $10000.00, totaling $80000.00. The payment_method of this transaction was cash, and this transaction was paid. This transaction was prepared by Staff, and the approver is Director. The supplier ID is S007, and the supplier name is Supplier 7.",
Expense20240111001,Administrative Expenses,2024-01-11,11888.13,Director,Staff,Paid,,Cash,,,,,,,,,,,,,,,"On January 11, 2024, an invoice was issued for a Administrative Expenses, totaling $11888.13. The payment_method of this transaction was cash, and this transaction was paid. This transaction was prepared by Staff, and the approver is Director.",
Expense20240111001,Administrative Expenses,2024-01-11,22411.89,Director,Supervisor,Paid,,Cash,,,,,,,,,,,,,,,"On January 11, 2024, an invoice was issued for a Administrative Expenses, totaling $22411.89. The payment_method of this transaction was cash, and this transaction was paid. This transaction was prepared by Supervisor, and the approver is Director.",
Expense20240111001,Financial Expenses,2024-01-11,21229.14,Director,Senior Staff,Paid,,Cash,,,,,,,,,,,,,,,"On January 11, 2024, an invoice was issued for a Financial Expenses, totaling $21229.14. The payment_method of this transaction was cash, and this transaction was paid. This transaction was prepared by Senior Staff, and the approver is Director.",
Interest20240111011,Interest Receivables,2024-01-11,416.08,,,Unpaid,,,,,,,,,Interest receviable,,,,,,,,"On January 11, 2024, an invoice was issued for a Interest Receivables, totaling $416.08. The receive_method of this transaction was interest receviable, and this transaction was unpaid.",
Sale20240112036,Sale,2024-01-12,35776.53,,,Unpaid,20000.0,,,,P003,Premium Product C,1.0,35776.53,Account Receviable,C020,1788.83,33987.7,20000.0,15776.53,,,"On January 12, 2024, an invoice was issued for a Sale, consisting of 1.0 units at a unit price of $35776.53, totaling $35776.53. The cost amount for this transaction was $20000.00, with a tax amount of $1788.83, leading to a total amount due of $33987.70. The receive_method of this transaction was account receviable, and this transaction was unpaid.",
Sale20240112037,Sale,2024-01-12,34649.63,,,Unpaid,20000.0,,,,P003,Premium Product C,1.0,34649.63,Account Receviable,C018,1732.48,32917.15,20000.0,14649.63,,,"On January 12, 2024, an invoice was issued for a Sale, consisting of 1.0 units at a unit price of $34649.63, totaling $34649.63. The cost amount for this transaction was $20000.00, with a tax amount of $1732.48, leading to a total amount due of $32917.15. The receive_method of this transaction was account receviable, and this transaction was unpaid.",
Sale20240112038,Sale,2024-01-12,113181.93,,,Paid,20000.0,,,,P003,Premium Product C,3.0,37727.31,Cash,C006,5659.1,107522.83,60000.0,53181.93,,,"On January 12, 2024, an invoice was issued for a Sale, consisting of 3.0 units at a unit price of $37727.31, totaling $113181.93. The cost amount for this transaction was $60000.00, with a tax amount of $5659.10, leading to a total amount due of $107522.83. The receive_method of this transaction was cash, and this transaction was paid.",
Purchase20231231010,Purchase,2023-12-31,500000.0,Director,Staff,Paid,50000.0,Bank Transfer,S006,Supplier 6,P004,Premium Product D,10.0,50000.0,,,,,,,,,"On December 31, 2023, an invoice was issued for a Purchase, consisting of 10.0 units at a unit price of $50000.00, totaling $500000.00. The payment_method of this transaction was bank transfer, and this transaction was paid. This transaction was prepared by Staff, and the approver is Director. The supplier ID is S006, and the supplier name is Supplier 6.",
Expense20240112001,Financial Expenses,2024-01-12,24321.46,Director,Supervisor,Paid,,Cash,,,,,,,,,,,,,,,"On January 12, 2024, an invoice was issued for a Financial Expenses, totaling $24321.46. The payment_method of this transaction was cash, and this transaction was paid. This transaction was prepared by Supervisor, and the approver is Director.",
Expense20240112001,Sales Expenses,2024-01-12,9797.6,Director,Staff,Paid,,Cash,,,,,,,,,,,,,,,"On January 12, 2024, an invoice was issued for a Sales Expenses, totaling $9797.60. The payment_method of this transaction was cash, and this transaction was paid. This transaction was prepared by Staff, and the approver is Director.",
Expense20240112001,Sales Expenses,2024-01-12,16177.79,Director,Supervisor,Paid,,Cash,,,,,,,,,,,,,,,"On January 12, 2024, an invoice was issued for a Sales Expenses, totaling $16177.79. The payment_method of this transaction was cash, and this transaction was paid. This transaction was prepared by Supervisor, and the approver is Director.",
Interest20240112012,Interest Receivables,2024-01-12,371.58,,,Unpaid,,,,,,,,,Interest receviable,,,,,,,,"On January 12, 2024, an invoice was issued for a Interest Receivables, totaling $371.58. The receive_method of this transaction was interest receviable, and this transaction was unpaid.",
Sale20240113041,Sale,2024-01-13,90831.99,,,Paid,50000.0,,,,P004,Premium Product D,1.0,90831.99,Cash,C013,4541.6,86290.39,50000.0,40831.99,,,"On January 13, 2024, an invoice was issued for a Sale, consisting of 1.0 units at a unit price of $90831.99, totaling $90831.99. The cost amount for this transaction was $50000.00, with a tax amount of $4541.60, leading to a total amount due of $86290.39. The receive_method of this transaction was cash, and this transaction was paid.",
Sale20240113042,Sale,2024-01-13,36413.56,,,Paid,10000.0,,,,P002,Premium Product B,2.0,18206.78,Cash,C011,1820.68,34592.88,20000.0,16413.56,,,"On January 13, 2024, an invoice was issued for a Sale, consisting of 2.0 units at a unit price of $18206.78, totaling $36413.56. The cost amount for this transaction was $20000.00, with a tax amount of $1820.68, leading to a total amount due of $34592.88. The receive_method of this transaction was cash, and this transaction was paid.",
Sale20240113043,Sale,2024-01-13,56856.45,,,Paid,10000.0,,,,P002,Premium Product B,3.0,18952.15,Cash,C003,2842.82,54013.63,30000.0,26856.45,,,"On January 13, 2024, an invoice was issued for a Sale, consisting of 3.0 units at a unit price of $18952.15, totaling $56856.45. The cost amount for this transaction was $30000.00, with a tax amount of $2842.82, leading to a total amount due of $54013.63. The receive_method of this transaction was cash, and this transaction was paid.",
Expense20240113001,Sales Expenses,2024-01-13,25170.68,Director,Supervisor,Paid,,Cash,,,,,,,,,,,,,,,"On January 13, 2024, an invoice was issued for a Sales Expenses, totaling $25170.68. The payment_method of this transaction was cash, and this transaction was paid. This transaction was prepared by Supervisor, and the approver is Director.",
Expense20240113001,Financial Expenses,2024-01-13,25847.64,Director,Staff,Paid,,Cash,,,,,,,,,,,,,,,"On January 13, 2024, an invoice was issued for a Financial Expenses, totaling $25847.64. The payment_method of this transaction was cash, and this transaction was paid. This transaction was prepared by Staff, and the approver is Director.",
Expense20240113001,Sales Expenses,2024-01-13,5806.03,Director,Senior Staff,Paid,,Cash,,,,,,,,,,,,,,,"On January 13, 2024, an invoice was issued for a Sales Expenses, totaling $5806.03. The payment_method of this transaction was cash, and this transaction was paid. This transaction was prepared by Senior Staff, and the approver is Director.",
Interest20240113013,Interest Receivables,2024-01-13,371.58,,,Unpaid,,,,,,,,,Interest receviable,,,,,,,,"On January 13, 2024, an invoice was issued for a Interest Receivables, totaling $371.58. The receive_method of this transaction was interest receviable, and this transaction was unpaid.",
Sale20240114046,Sale,2024-01-14,9378.67,,,Unpaid,5000.0,,,,P001,Premium Product A,1.0,9378.67,Account Receviable,C006,468.93,8909.74,5000.0,4378.67,,,"On January 14, 2024, an invoice was issued for a Sale, consisting of 1.0 units at a unit price of $9378.67, totaling $9378.67. The cost amount for this transaction was $5000.00, with a tax amount of $468.93, leading to a total amount due of $8909.74. The receive_method of this transaction was account receviable, and this transaction was unpaid.",
Sale20240114047,Sale,2024-01-14,117413.01,,,Paid,20000.0,,,,P003,Premium Product C,3.0,39137.67,Cash,C014,5870.65,111542.36,60000.0,57413.01,,,"On January 14, 2024, an invoice was issued for a Sale, consisting of 3.0 units at a unit price of $39137.67, totaling $117413.01. The cost amount for this transaction was $60000.00, with a tax amount of $5870.65, leading to a total amount due of $111542.36. The receive_method of this transaction was cash, and this transaction was paid.",
Sale20240114048,Sale,2024-01-14,171599.94,,,Unpaid,50000.0,,,,P004,Premium Product D,2.0,85799.97,Account Receviable,C001,8580.0,163019.94,100000.0,71599.94,,,"On January 14, 2024, an invoice was issued for a Sale, consisting of 2.0 units at a unit price of $85799.97, totaling $171599.94. The cost amount for this transaction was $100000.00, with a tax amount of $8580.00, leading to a total amount due of $163019.94. The receive_method of this transaction was account receviable, and this transaction was unpaid.",
Purchase20231231011,Purchase,2023-12-31,160000.0,Director,Supervisor,Paid,20000.0,Cash,S003,Supplier 3,P003,Premium Product C,8.0,20000.0,,,,,,,,,"On December 31, 2023, an invoice was issued for a Purchase, consisting of 8.0 units at a unit price of $20000.00, totaling $160000.00. The payment_method of this transaction was cash, and this transaction was paid. This transaction was prepared by Supervisor, and the approver is Director. The supplier ID is S003, and the supplier name is Supplier 3.",
Expense20240114001,Sales Expenses,2024-01-14,19807.67,Director,Staff,Paid,,Cash,,,,,,,,,,,,,,,"On January 14, 2024, an invoice was issued for a Sales Expenses, totaling $19807.67. The payment_method of this transaction was cash, and this transaction was paid. This transaction was prepared by Staff, and the approver is Director.",
Expense20240114001,Administrative Expenses,2024-01-14,29829.23,Director,Staff,Paid,,Cash,,,,,,,,,,,,,,,"On January 14, 2024, an invoice was issued for a Administrative Expenses, totaling $29829.23. The payment_method of this transaction was cash, and this transaction was paid. This transaction was prepared by Staff, and the approver is Director.",
Expense20240114001,Administrative Expenses,2024-01-14,6448.24,Director,Supervisor,Paid,,Cash,,,,,,,,,,,,,,,"On January 14, 2024, an invoice was issued for a Administrative Expenses, totaling $6448.24. The payment_method of this transaction was cash, and this transaction was paid. This transaction was prepared by Supervisor, and the approver is Director.",
Interest20240114014,Interest Receivables,2024-01-14,371.58,,,Unpaid,,,,,,,,,Interest receviable,,,,,,,,"On January 14, 2024, an invoice was issued for a Interest Receivables, totaling $371.58. The receive_method of this transaction was interest receviable, and this transaction was unpaid.",
Sale20240115050,Sale,2024-01-15,8654.65,,,Unpaid,5000.0,,,,P001,Premium Product A,1.0,8654.65,Account Receviable,C008,432.73,8221.92,5000.0,3654.65,,,"On January 15, 2024, an invoice was issued for a Sale, consisting of 1.0 units at a unit price of $8654.65, totaling $8654.65. The cost amount for this transaction was $5000.00, with a tax amount of $432.73, leading to a total amount due of $8221.92. The receive_method of this transaction was account receviable, and this transaction was unpaid.",
Sale20240115051,Sale,2024-01-15,294287.22,,,Paid,50000.0,,,,P004,Premium Product D,3.0,98095.74,Cash,C002,14714.36,279572.86,150000.0,144287.22,,,"On January 15, 2024, an invoice was issued for a Sale, consisting of 3.0 units at a unit price of $98095.74, totaling $294287.22. The cost amount for this transaction was $150000.00, with a tax amount of $14714.36, leading to a total amount due of $279572.86. The receive_method of this transaction was cash, and this transaction was paid.",
Sale20240115052,Sale,2024-01-15,19890.08,,,Paid,10000.0,,,,P002,Premium Product B,1.0,19890.08,Cash,C007,994.5,18895.58,10000.0,9890.08,,,"On January 15, 2024, an invoice was issued for a Sale, consisting of 1.0 units at a unit price of $19890.08, totaling $19890.08. The cost amount for this transaction was $10000.00, with a tax amount of $994.50, leading to a total amount due of $18895.58. The receive_method of this transaction was cash, and this transaction was paid.",
Sale20240115053,Sale,2024-01-15,35911.54,,,Unpaid,10000.0,,,,P002,Premium Product B,2.0,17955.77,Account Receviable,C001,1795.58,34115.96,20000.0,15911.54,,,"On January 15, 2024, an invoice was issued for a Sale, consisting of 2.0 units at a unit price of $17955.77, totaling $35911.54. The cost amount for this transaction was $20000.00, with a tax amount of $1795.58, leading to a total amount due of $34115.96. The receive_method of this transaction was account receviable, and this transaction was unpaid.",
Purchase20231231012,Purchase,2023-12-31,60000.0,Director,Senior Staff,Paid,10000.0,Bank Transfer,S005,Supplier 5,P002,Premium Product B,6.0,10000.0,,,,,,,,,"On December 31, 2023, an invoice was issued for a Purchase, consisting of 6.0 units at a unit price of $10000.00, totaling $60000.00. The payment_method of this transaction was bank transfer, and this transaction was paid. This transaction was prepared by Senior Staff, and the approver is Director. The supplier ID is S005, and the supplier name is Supplier 5.",
Expense20240115001,Sales Expenses,2024-01-15,29376.5,Director,Staff,Paid,,Cash,,,,,,,,,,,,,,,"On January 15, 2024, an invoice was issued for a Sales Expenses, totaling $29376.50. The payment_method of this transaction was cash, and this transaction was paid. This transaction was prepared by Staff, and the approver is Director.",
Expense20240115001,Financial Expenses,2024-01-15,14371.43,Director,Senior Staff,Paid,,Cash,,,,,,,,,,,,,,,"On January 15, 2024, an invoice was issued for a Financial Expenses, totaling $14371.43. The payment_method of this transaction was cash, and this transaction was paid. This transaction was prepared by Senior Staff, and the approver is Director.",
Interest20240115015,Interest Receivables,2024-01-15,366.23,,,Unpaid,,,,,,,,,Interest receviable,,,,,,,,"On January 15, 2024, an invoice was issued for a Interest Receivables, totaling $366.23. The receive_method of this transaction was interest receviable, and this transaction was unpaid.",
Sale20240116055,Sale,2024-01-16,73421.4,,,Unpaid,20000.0,,,,P003,Premium Product C,2.0,36710.7,Account Receviable,C011,3671.07,69750.33,40000.0,33421.4,,,"On January 16, 2024, an invoice was issued for a Sale, consisting of 2.0 units at a unit price of $36710.70, totaling $73421.40. The cost amount for this transaction was $40000.00, with a tax amount of $3671.07, leading to a total amount due of $69750.33. The receive_method of this transaction was account receviable, and this transaction was unpaid.",
Sale20240116056,Sale,2024-01-16,75197.88,,,Unpaid,20000.0,,,,P003,Premium Product C,2.0,37598.94,Account Receviable,C009,3759.89,71437.99,40000.0,35197.88,,,"On January 16, 2024, an invoice was issued for a Sale, consisting of 2.0 units at a unit price of $37598.94, totaling $75197.88. The cost amount for this transaction was $40000.00, with a tax amount of $3759.89, leading to a total amount due of $71437.99. The receive_method of this transaction was account receviable, and this transaction was unpaid.",
Sale20240116057,Sale,2024-01-16,17714.56,,,Paid,10000.0,,,,P002,Premium Product B,1.0,17714.56,Cash,C010,885.73,16828.83,10000.0,7714.56,,,"On January 16, 2024, an invoice was issued for a Sale, consisting of 1.0 units at a unit price of $17714.56, totaling $17714.56. The cost amount for this transaction was $10000.00, with a tax amount of $885.73, leading to a total amount due of $16828.83. The receive_method of this transaction was cash, and this transaction was paid.",
Sale20240116058,Sale,2024-01-16,118848.96,,,Paid,20000.0,,,,P003,Premium Product C,3.0,39616.32,Cash,C018,5942.45,112906.51,60000.0,58848.96,,,"On January 16, 2024, an invoice was issued for a Sale, consisting of 3.0 units at a unit price of $39616.32, totaling $118848.96. The cost amount for this transaction was $60000.00, with a tax amount of $5942.45, leading to a total amount due of $112906.51. The receive_method of this transaction was cash, and this transaction was paid.",
Purchase20231231013,Purchase,2023-12-31,140000.0,Director,Supervisor,Unpaid,20000.0,Account Payable,S008,Supplier 8,P003,Premium Product C,7.0,20000.0,,,,,,,,,"On December 31, 2023, an invoice was issued for a Purchase, consisting of 7.0 units at a unit price of $20000.00, totaling $140000.00. The payment_method of this transaction was account payable, and this transaction was unpaid. This transaction was prepared by Supervisor, and the approver is Director. The supplier ID is S008, and the supplier name is Supplier 8.",
Expense20240116001,Sales Expenses,2024-01-16,9539.83,Director,Senior Staff,Paid,,Cash,,,,,,,,,,,,,,,"On January 16, 2024, an invoice was issued for a Sales Expenses, totaling $9539.83. The payment_method of this transaction was cash, and this transaction was paid. This transaction was prepared by Senior Staff, and the approver is Director.",
Expense20240116001,Sales Expenses,2024-01-16,23251.04,Director,Senior Staff,Paid,,Cash,,,,,,,,,,,,,,,"On January 16, 2024, an invoice was issued for a Sales Expenses, totaling $23251.04. The payment_method of this transaction was cash, and this transaction was paid. This transaction was prepared by Senior Staff, and the approver is Director.",
Expense20240116001,Administrative Expenses,2024-01-16,16740.11,Director,Supervisor,Paid,,Cash,,,,,,,,,,,,,,,"On January 16, 2024, an invoice was issued for a Administrative Expenses, totaling $16740.11. The payment_method of this transaction was cash, and this transaction was paid. This transaction was prepared by Supervisor, and the approver is Director.",
Interest20240116016,Interest Receivables,2024-01-16,366.23,,,Unpaid,,,,,,,,,Interest receviable,,,,,,,,"On January 16, 2024, an invoice was issued for a Interest Receivables, totaling $366.23. The receive_method of this transaction was interest receviable, and this transaction was unpaid.",
Sale20240117061,Sale,2024-01-17,18612.68,,,Paid,5000.0,,,,P001,Premium Product A,2.0,9306.34,Cash,C006,930.63,17682.05,10000.0,8612.68,,,"On January 17, 2024, an invoice was issued for a Sale, consisting of 2.0 units at a unit price of $9306.34, totaling $18612.68. The cost amount for this transaction was $10000.00, with a tax amount of $930.63, leading to a total amount due of $17682.05. The receive_method of this transaction was cash, and this transaction was paid.",
Sale20240117062,Sale,2024-01-17,36238.8,,,Paid,20000.0,,,,P003,Premium Product C,1.0,36238.8,Cash,C010,1811.94,34426.86,20000.0,16238.8,,,"On January 17, 2024, an invoice was issued for a Sale, consisting of 1.0 units at a unit price of $36238.80, totaling $36238.80. The cost amount for this transaction was $20000.00, with a tax amount of $1811.94, leading to a total amount due of $34426.86. The receive_method of this transaction was cash, and this transaction was paid.",
Sale20240117063,Sale,2024-01-17,176278.96,,,Paid,50000.0,,,,P004,Premium Product D,2.0,88139.48,Cash,C002,8813.95,167465.01,100000.0,76278.96,,,"On January 17, 2024, an invoice was issued for a Sale, consisting of 2.0 units at a unit price of $88139.48, totaling $176278.96. The cost amount for this transaction was $100000.00, with a tax amount of $8813.95, leading to a total amount due of $167465.01. The receive_method of this transaction was cash, and this transaction was paid.",
Expense20240117001,Financial Expenses,2024-01-17,17890.86,Director,Staff,Paid,,Cash,,,,,,,,,,,,,,,"On January 17, 2024, an invoice was issued for a Financial Expenses, totaling $17890.86. The payment_method of this transaction was cash, and this transaction was paid. This transaction was prepared by Staff, and the approver is Director.",
Expense20240117001,Sales Expenses,2024-01-17,20377.67,Director,Staff,Paid,,Cash,,,,,,,,,,,,,,,"On January 17, 2024, an invoice was issued for a Sales Expenses, totaling $20377.67. The payment_method of this transaction was cash, and this transaction was paid. This transaction was prepared by Staff, and the approver is Director.",
Interest20240117017,Interest Receivables,2024-01-17,366.23,,,Unpaid,,,,,,,,,Interest receviable,,,,,,,,"On January 17, 2024, an invoice was issued for a Interest Receivables, totaling $366.23. The receive_method of this transaction was interest receviable, and this transaction was unpaid.",
Sale20240118065,Sale,2024-01-18,74434.04,,,Paid,20000.0,,,,P003,Premium Product C,2.0,37217.02,Cash,C018,3721.7,70712.34,40000.0,34434.04,,,"On January 18, 2024, an invoice was issued for a Sale, consisting of 2.0 units at a unit price of $37217.02, totaling $74434.04. The cost amount for this transaction was $40000.00, with a tax amount of $3721.70, leading to a total amount due of $70712.34. The receive_method of this transaction was cash, and this transaction was paid.",
Sale20240118066,Sale,2024-01-18,37660.74,,,Paid,10000.0,,,,P002,Premium Product B,2.0,18830.37,Cash,C006,1883.04,35777.7,20000.0,17660.74,,,"On January 18, 2024, an invoice was issued for a Sale, consisting of 2.0 units at a unit price of $18830.37, totaling $37660.74. The cost amount for this transaction was $20000.00, with a tax amount of $1883.04, leading to a total amount due of $35777.70. The receive_method of this transaction was cash, and this transaction was paid.",
Purchase20231231014,Purchase,2023-12-31,400000.0,Director,Staff,Unpaid,50000.0,Account Payable,S007,Supplier 7,P004,Premium Product D,8.0,50000.0,,,,,,,,,"On December 31, 2023, an invoice was issued for a Purchase, consisting of 8.0 units at a unit price of $50000.00, totaling $400000.00. The payment_method of this transaction was account payable, and this transaction was unpaid. This transaction was prepared by Staff, and the approver is Director. The supplier ID is S007, and the supplier name is Supplier 7.",
Expense20240118001,Financial Expenses,2024-01-18,12516.13,Director,Supervisor,Paid,,Cash,,,,,,,,,,,,,,,"On January 18, 2024, an invoice was issued for a Financial Expenses, totaling $12516.13. The payment_method of this transaction was cash, and this transaction was paid. This transaction was prepared by Supervisor, and the approver is Director.",
Expense20240118001,Financial Expenses,2024-01-18,10393.45,Director,Staff,Paid,,Cash,,,,,,,,,,,,,,,"On January 18, 2024, an invoice was issued for a Financial Expenses, totaling $10393.45. The payment_method of this transaction was cash, and this transaction was paid. This transaction was prepared by Staff, and the approver is Director.",
Expense20240118001,Financial Expenses,2024-01-18,6653.08,Director,Staff,Paid,,Cash,,,,,,,,,,,,,,,"On January 18, 2024, an invoice was issued for a Financial Expenses, totaling $6653.08. The payment_method of this transaction was cash, and this transaction was paid. This transaction was prepared by Staff, and the approver is Director.",
Interest20240118018,Interest Receivables,2024-01-18,366.23,,,Unpaid,,,,,,,,,Interest receviable,,,,,,,,"On January 18, 2024, an invoice was issued for a Interest Receivables, totaling $366.23. The receive_method of this transaction was interest receviable, and this transaction was unpaid.",
Sale20240119067,Sale,2024-01-19,9161.32,,,Unpaid,5000.0,,,,P001,Premium Product A,1.0,9161.32,Account Receviable,C018,458.07,8703.25,5000.0,4161.32,,,"On January 19, 2024, an invoice was issued for a Sale, consisting of 1.0 units at a unit price of $9161.32, totaling $9161.32. The cost amount for this transaction was $5000.00, with a tax amount of $458.07, leading to a total amount due of $8703.25. The receive_method of this transaction was account receviable, and this transaction was unpaid.",
Sale20240119068,Sale,2024-01-19,29785.86,,,Paid,5000.0,,,,P001,Premium Product A,3.0,9928.62,Cash,C006,1489.29,28296.57,15000.0,14785.86,,,"On January 19, 2024, an invoice was issued for a Sale, consisting of 3.0 units at a unit price of $9928.62, totaling $29785.86. The cost amount for this transaction was $15000.00, with a tax amount of $1489.29, leading to a total amount due of $28296.57. The receive_method of this transaction was cash, and this transaction was paid.",
Sale20240119069,Sale,2024-01-19,34617.14,,,Paid,10000.0,,,,P002,Premium Product B,2.0,17308.57,Cash,C009,1730.86,32886.28,20000.0,14617.14,,,"On January 19, 2024, an invoice was issued for a Sale, consisting of 2.0 units at a unit price of $17308.57, totaling $34617.14. The cost amount for this transaction was $20000.00, with a tax amount of $1730.86, leading to a total amount due of $32886.28. The receive_method of this transaction was cash, and this transaction was paid.",
Sale20240119070,Sale,2024-01-19,37955.84,,,Unpaid,10000.0,,,,P002,Premium Product B,2.0,18977.92,Account Receviable,C001,1897.79,36058.05,20000.0,17955.84,,,"On January 19, 2024, an invoice was issued for a Sale, consisting of 2.0 units at a unit price of $18977.92, totaling $37955.84. The cost amount for this transaction was $20000.00, with a tax amount of $1897.79, leading to a total amount due of $36058.05. The receive_method of this transaction was account receviable, and this transaction was unpaid.",
Purchase20231231015,Purchase,2023-12-31,30000.0,Director,Supervisor,Paid,5000.0,Cash,S005,Supplier 5,P001,Premium Product A,6.0,5000.0,,,,,,,,,"On December 31, 2023, an invoice was issued for a Purchase, consisting of 6.0 units at a unit price of $5000.00, totaling $30000.00. The payment_method of this transaction was cash, and this transaction was paid. This transaction was prepared by Supervisor, and the approver is Director. The supplier ID is S005, and the supplier name is Supplier 5.",
Expense20240119001,Sales Expenses,2024-01-19,11523.39,Director,Supervisor,Paid,,Cash,,,,,,,,,,,,,,,"On January 19, 2024, an invoice was issued for a Sales Expenses, totaling $11523.39. The payment_method of this transaction was cash, and this transaction was paid. This transaction was prepared by Supervisor, and the approver is Director.",
Expense20240119001,Sales Expenses,2024-01-19,7597.54,Director,Supervisor,Paid,,Cash,,,,,,,,,,,,,,,"On January 19, 2024, an invoice was issued for a Sales Expenses, totaling $7597.54. The payment_method of this transaction was cash, and this transaction was paid. This transaction was prepared by Supervisor, and the approver is Director.",
Interest20240119019,Interest Receivables,2024-01-19,366.23,,,Unpaid,,,,,,,,,Interest receviable,,,,,,,,"On January 19, 2024, an invoice was issued for a Interest Receivables, totaling $366.23. The receive_method of this transaction was interest receviable, and this transaction was unpaid.",
Sale20240120073,Sale,2024-01-20,76630.94,,,Unpaid,20000.0,,,,P003,Premium Product C,2.0,38315.47,Account Receviable,C008,3831.55,72799.39,40000.0,36630.94,,,"On January 20, 2024, an invoice was issued for a Sale, consisting of 2.0 units at a unit price of $38315.47, totaling $76630.94. The cost amount for this transaction was $40000.00, with a tax amount of $3831.55, leading to a total amount due of $72799.39. The receive_method of this transaction was account receviable, and this transaction was unpaid.",
Expense20240120001,Sales Expenses,2024-01-20,16665.55,Director,Staff,Paid,,Cash,,,,,,,,,,,,,,,"On January 20, 2024, an invoice was issued for a Sales Expenses, totaling $16665.55. The payment_method of this transaction was cash, and this transaction was paid. This transaction was prepared by Staff, and the approver is Director.",
Expense20240120001,Sales Expenses,2024-01-20,6944.55,Director,Supervisor,Paid,,Cash,,,,,,,,,,,,,,,"On January 20, 2024, an invoice was issued for a Sales Expenses, totaling $6944.55. The payment_method of this transaction was cash, and this transaction was paid. This transaction was prepared by Supervisor, and the approver is Director.",
Expense20240120001,Financial Expenses,2024-01-20,28954.07,Director,Staff,Paid,,Cash,,,,,,,,,,,,,,,"On January 20, 2024, an invoice was issued for a Financial Expenses, totaling $28954.07. The payment_method of this transaction was cash, and this transaction was paid. This transaction was prepared by Staff, and the approver is Director.",
Interest20240120020,Interest Receivables,2024-01-20,366.23,,,Unpaid,,,,,,,,,Interest receviable,,,,,,,,"On January 20, 2024, an invoice was issued for a Interest Receivables, totaling $366.23. The receive_method of this transaction was interest receviable, and this transaction was unpaid.",
Sale20240121076,Sale,2024-01-21,36143.32,,,Paid,10000.0,,,,P002,Premium Product B,2.0,18071.66,Cash,C016,1807.17,34336.15,20000.0,16143.32,,,"On January 21, 2024, an invoice was issued for a Sale, consisting of 2.0 units at a unit price of $18071.66, totaling $36143.32. The cost amount for this transaction was $20000.00, with a tax amount of $1807.17, leading to a total amount due of $34336.15. The receive_method of this transaction was cash, and this transaction was paid.",
Sale20240121077,Sale,2024-01-21,261490.35,,,Paid,50000.0,,,,P004,Premium Product D,3.0,87163.45,Cash,C005,13074.52,248415.83,150000.0,111490.35,,,"On January 21, 2024, an invoice was issued for a Sale, consisting of 3.0 units at a unit price of $87163.45, totaling $261490.35. The cost amount for this transaction was $150000.00, with a tax amount of $13074.52, leading to a total amount due of $248415.83. The receive_method of this transaction was cash, and this transaction was paid.",
Purchase20231231016,Purchase,2023-12-31,30000.0,Director,Senior Staff,Unpaid,10000.0,Account Payable,S001,Supplier 1,P002,Premium Product B,3.0,10000.0,,,,,,,,,"On December 31, 2023, an invoice was issued for a Purchase, consisting of 3.0 units at a unit price of $10000.00, totaling $30000.00. The payment_method of this transaction was account payable, and this transaction was unpaid. This transaction was prepared by Senior Staff, and the approver is Director. The supplier ID is S001, and the supplier name is Supplier 1.",
Expense20240121001,Sales Expenses,2024-01-21,4951.13,Director,Supervisor,Paid,,Cash,,,,,,,,,,,,,,,"On January 21, 2024, an invoice was issued for a Sales Expenses, totaling $4951.13. The payment_method of this transaction was cash, and this transaction was paid. This transaction was prepared by Supervisor, and the approver is Director.",
Expense20240121001,Sales Expenses,2024-01-21,22862.32,Director,Staff,Paid,,Cash,,,,,,,,,,,,,,,"On January 21, 2024, an invoice was issued for a Sales Expenses, totaling $22862.32. The payment_method of this transaction was cash, and this transaction was paid. This transaction was prepared by Staff, and the approver is Director.",
Interest20240121021,Interest Receivables,2024-01-21,366.23,,,Unpaid,,,,,,,,,Interest receviable,,,,,,,,"On January 21, 2024, an invoice was issued for a Interest Receivables, totaling $366.23. The receive_method of this transaction was interest receviable, and this transaction was unpaid.",
Sale20240122080,Sale,2024-01-22,257505.69,,,Unpaid,50000.0,,,,P004,Premium Product D,3.0,85835.23,Account Receviable,C020,12875.28,244630.41,150000.0,107505.69,,,"On January 22, 2024, an invoice was issued for a Sale, consisting of 3.0 units at a unit price of $85835.23, totaling $257505.69. The cost amount for this transaction was $150000.00, with a tax amount of $12875.28, leading to a total amount due of $244630.41. The receive_method of this transaction was account receviable, and this transaction was unpaid.",
Sale20240122081,Sale,2024-01-22,177778.96,,,Paid,50000.0,,,,P004,Premium Product D,2.0,88889.48,Cash,C006,8888.95,168890.01,100000.0,77778.96,,,"On January 22, 2024, an invoice was issued for a Sale, consisting of 2.0 units at a unit price of $88889.48, totaling $177778.96. The cost amount for this transaction was $100000.00, with a tax amount of $8888.95, leading to a total amount due of $168890.01. The receive_method of this transaction was cash, and this transaction was paid.",
Sale20240122082,Sale,2024-01-22,88341.49,,,Paid,50000.0,,,,P004,Premium Product D,1.0,88341.49,Cash,C012,4417.07,83924.42,50000.0,38341.49,,,"On January 22, 2024, an invoice was issued for a Sale, consisting of 1.0 units at a unit price of $88341.49, totaling $88341.49. The cost amount for this transaction was $50000.00, with a tax amount of $4417.07, leading to a total amount due of $83924.42. The receive_method of this transaction was cash, and this transaction was paid.",
Sale20240122083,Sale,2024-01-22,39109.78,,,Paid,10000.0,,,,P002,Premium Product B,2.0,19554.89,Cash,C014,1955.49,37154.29,20000.0,19109.78,,,"On January 22, 2024, an invoice was issued for a Sale, consisting of 2.0 units at a unit price of $19554.89, totaling $39109.78. The cost amount for this transaction was $20000.00, with a tax amount of $1955.49, leading to a total amount due of $37154.29. The receive_method of this transaction was cash, and this transaction was paid.",
Purchase20231231017,Purchase,2023-12-31,350000.0,Director,Supervisor,Paid,50000.0,Cash,S003,Supplier 3,P004,Premium Product D,7.0,50000.0,,,,,,,,,"On December 31, 2023, an invoice was issued for a Purchase, consisting of 7.0 units at a unit price of $50000.00, totaling $350000.00. The payment_method of this transaction was cash, and this transaction was paid. This transaction was prepared by Supervisor, and the approver is Director. The supplier ID is S003, and the supplier name is Supplier 3.",
Expense20240122001,Sales Expenses,2024-01-22,4649.17,Director,Supervisor,Paid,,Cash,,,,,,,,,,,,,,,"On January 22, 2024, an invoice was issued for a Sales Expenses, totaling $4649.17. The payment_method of this transaction was cash, and this transaction was paid. This transaction was prepared by Supervisor, and the approver is Director.",
Expense20240122001,Sales Expenses,2024-01-22,28930.22,Director,Staff,Paid,,Cash,,,,,,,,,,,,,,,"On January 22, 2024, an invoice was issued for a Sales Expenses, totaling $28930.22. The payment_method of this transaction was cash, and this transaction was paid. This transaction was prepared by Staff, and the approver is Director.",
Interest20240122022,Interest Receivables,2024-01-22,366.23,,,Unpaid,,,,,,,,,Interest receviable,,,,,,,,"On January 22, 2024, an invoice was issued for a Interest Receivables, totaling $366.23. The receive_method of this transaction was interest receviable, and this transaction was unpaid.",
Sale20240123086,Sale,2024-01-23,35569.85,,,Paid,20000.0,,,,P003,Premium Product C,1.0,35569.85,Cash,C008,1778.49,33791.36,20000.0,15569.85,,,"On January 23, 2024, an invoice was issued for a Sale, consisting of 1.0 units at a unit price of $35569.85, totaling $35569.85. The cost amount for this transaction was $20000.00, with a tax amount of $1778.49, leading to a total amount due of $33791.36. The receive_method of this transaction was cash, and this transaction was paid.",
Sale20240123087,Sale,2024-01-23,17076.87,,,Unpaid,10000.0,,,,P002,Premium Product B,1.0,17076.87,Account Receviable,C006,853.84,16223.03,10000.0,7076.87,,,"On January 23, 2024, an invoice was issued for a Sale, consisting of 1.0 units at a unit price of $17076.87, totaling $17076.87. The cost amount for this transaction was $10000.00, with a tax amount of $853.84, leading to a total amount due of $16223.03. The receive_method of this transaction was account receviable, and this transaction was unpaid.",
Sale20240123088,Sale,2024-01-23,105626.73,,,Paid,20000.0,,,,P003,Premium Product C,3.0,35208.91,Cash,C013,5281.34,100345.39,60000.0,45626.73,,,"On January 23, 2024, an invoice was issued for a Sale, consisting of 3.0 units at a unit price of $35208.91, totaling $105626.73. The cost amount for this transaction was $60000.00, with a tax amount of $5281.34, leading to a total amount due of $100345.39. The receive_method of this transaction was cash, and this transaction was paid.",
FixedAsset20231231001,Fixed Assets Purchase,2023-12-31,352857.55,,,Paid,,Bank Transfer,S002,Supplier 2,,,,,,,,,,,Processing Equipment4,Processing Equipment,"On December 31, 2023, an invoice was issued for a Fixed Assets Purchase, totaling $352857.55. The payment_method of this transaction was bank transfer, and this transaction was paid. The supplier ID is S002, and the supplier name is Supplier 2.",
Purchase20231231018,Purchase,2023-12-31,60000.0,Director,Supervisor,Unpaid,10000.0,Account Payable,S010,Supplier 10,P002,Premium Product B,6.0,10000.0,,,,,,,,,"On December 31, 2023, an invoice was issued for a Purchase, consisting of 6.0 units at a unit price of $10000.00, totaling $60000.00. The payment_method of this transaction was account payable, and this transaction was unpaid. This transaction was prepared by Supervisor, and the approver is Director. The supplier ID is S010, and the supplier name is Supplier 10.",
Expense20240123001,Financial Expenses,2024-01-23,20209.44,Director,Senior Staff,Paid,,Cash,,,,,,,,,,,,,,,"On January 23, 2024, an invoice was issued for a Financial Expenses, totaling $20209.44. The payment_method of this transaction was cash, and this transaction was paid. This transaction was prepared by Senior Staff, and the approver is Director.",
Expense20240123001,Financial Expenses,2024-01-23,7920.03,Director,Staff,Paid,,Cash,,,,,,,,,,,,,,,"On January 23, 2024, an invoice was issued for a Financial Expenses, totaling $7920.03. The payment_method of this transaction was cash, and this transaction was paid. This transaction was prepared by Staff, and the approver is Director.",
Expense20240123001,Sales Expenses,2024-01-23,15038.02,Director,Senior Staff,Paid,,Cash,,,,,,,,,,,,,,,"On January 23, 2024, an invoice was issued for a Sales Expenses, totaling $15038.02. The payment_method of this transaction was cash, and this transaction was paid. This transaction was prepared by Senior Staff, and the approver is Director.",
Interest20240123023,Interest Receivables,2024-01-23,334.83,,,Unpaid,,,,,,,,,Interest receviable,,,,,,,,"On January 23, 2024, an invoice was issued for a Interest Receivables, totaling $334.83. The receive_method of this transaction was interest receviable, and this transaction was unpaid.",
Sale20240124090,Sale,2024-01-24,173347.72,,,Paid,50000.0,,,,P004,Premium Product D,2.0,86673.86,Cash,C015,8667.39,164680.33,100000.0,73347.72,,,"On January 24, 2024, an invoice was issued for a Sale, consisting of 2.0 units at a unit price of $86673.86, totaling $173347.72. The cost amount for this transaction was $100000.00, with a tax amount of $8667.39, leading to a total amount due of $164680.33. The receive_method of this transaction was cash, and this transaction was paid.",
Sale20240124091,Sale,2024-01-24,76538.96,,,Paid,20000.0,,,,P003,Premium Product C,2.0,38269.48,Cash,C009,3826.95,72712.01,40000.0,36538.96,,,"On January 24, 2024, an invoice was issued for a Sale, consisting of 2.0 units at a unit price of $38269.48, totaling $76538.96. The cost amount for this transaction was $40000.00, with a tax amount of $3826.95, leading to a total amount due of $72712.01. The receive_method of this transaction was cash, and this transaction was paid.",
Sale20240124092,Sale,2024-01-24,266310.81,,,Paid,50000.0,,,,P004,Premium Product D,3.0,88770.27,Cash,C006,13315.54,252995.27,150000.0,116310.81,,,"On January 24, 2024, an invoice was issued for a Sale, consisting of 3.0 units at a unit price of $88770.27, totaling $266310.81. The cost amount for this transaction was $150000.00, with a tax amount of $13315.54, leading to a total amount due of $252995.27. The receive_method of this transaction was cash, and this transaction was paid.",
Purchase20231231019,Purchase,2023-12-31,60000.0,Director,Staff,Unpaid,20000.0,Account Payable,S002,Supplier 2,P003,Premium Product C,3.0,20000.0,,,,,,,,,"On December 31, 2023, an invoice was issued for a Purchase, consisting of 3.0 units at a unit price of $20000.00, totaling $60000.00. The payment_method of this transaction was account payable, and this transaction was unpaid. This transaction was prepared by Staff, and the approver is Director. The supplier ID is S002, and the supplier name is Supplier 2.",
Expense20240124001,Sales Expenses,2024-01-24,28414.41,Director,Senior Staff,Paid,,Cash,,,,,,,,,,,,,,,"On January 24, 2024, an invoice was issued for a Sales Expenses, totaling $28414.41. The payment_method of this transaction was cash, and this transaction was paid. This transaction was prepared by Senior Staff, and the approver is Director.",
Expense20240124001,Administrative Expenses,2024-01-24,14013.88,Director,Staff,Paid,,Cash,,,,,,,,,,,,,,,"On January 24, 2024, an invoice was issued for a Administrative Expenses, totaling $14013.88. The payment_method of this transaction was cash, and this transaction was paid. This transaction was prepared by Staff, and the approver is Director.",
Interest20240124024,Interest Receivables,2024-01-24,334.83,,,Unpaid,,,,,,,,,Interest receviable,,,,,,,,"On January 24, 2024, an invoice was issued for a Interest Receivables, totaling $334.83. The receive_method of this transaction was interest receviable, and this transaction was unpaid.",
Sale20240125094,Sale,2024-01-25,105017.58,,,Unpaid,20000.0,,,,P003,Premium Product C,3.0,35005.86,Account Receviable,C010,5250.88,99766.7,60000.0,45017.58,,,"On January 25, 2024, an invoice was issued for a Sale, consisting of 3.0 units at a unit price of $35005.86, totaling $105017.58. The cost amount for this transaction was $60000.00, with a tax amount of $5250.88, leading to a total amount due of $99766.70. The receive_method of this transaction was account receviable, and this transaction was unpaid.",
Sale20240125095,Sale,2024-01-25,36921.82,,,Paid,10000.0,,,,P002,Premium Product B,2.0,18460.91,Cash,C005,1846.09,35075.73,20000.0,16921.82,,,"On January 25, 2024, an invoice was issued for a Sale, consisting of 2.0 units at a unit price of $18460.91, totaling $36921.82. The cost amount for this transaction was $20000.00, with a tax amount of $1846.09, leading to a total amount due of $35075.73. The receive_method of this transaction was cash, and this transaction was paid.",
Sale20240125096,Sale,2024-01-25,8648.77,,,Paid,5000.0,,,,P001,Premium Product A,1.0,8648.77,Cash,C018,432.44,8216.33,5000.0,3648.77,,,"On January 25, 2024, an invoice was issued for a Sale, consisting of 1.0 units at a unit price of $8648.77, totaling $8648.77. The cost amount for this transaction was $5000.00, with a tax amount of $432.44, leading to a total amount due of $8216.33. The receive_method of this transaction was cash, and this transaction was paid.",
Sale20240125097,Sale,2024-01-25,86533.38,,,Paid,50000.0,,,,P004,Premium Product D,1.0,86533.38,Cash,C020,4326.67,82206.71,50000.0,36533.38,,,"On January 25, 2024, an invoice was issued for a Sale, consisting of 1.0 units at a unit price of $86533.38, totaling $86533.38. The cost amount for this transaction was $50000.00, with a tax amount of $4326.67, leading to a total amount due of $82206.71. The receive_method of this transaction was cash, and this transaction was paid.",
Purchase20231231020,Purchase,2023-12-31,350000.0,Director,Staff,Unpaid,50000.0,Account Payable,S004,Supplier 4,P004,Premium Product D,7.0,50000.0,,,,,,,,,"On December 31, 2023, an invoice was issued for a Purchase, consisting of 7.0 units at a unit price of $50000.00, totaling $350000.00. The payment_method of this transaction was account payable, and this transaction was unpaid. This transaction was prepared by Staff, and the approver is Director. The supplier ID is S004, and the supplier name is Supplier 4.",
Expense20240125001,Sales Expenses,2024-01-25,8149.08,Director,Staff,Paid,,Cash,,,,,,,,,,,,,,,"On January 25, 2024, an invoice was issued for a Sales Expenses, totaling $8149.08. The payment_method of this transaction was cash, and this transaction was paid. This transaction was prepared by Staff, and the approver is Director.",
Expense20240125001,Sales Expenses,2024-01-25,22205.08,Director,Staff,Paid,,Cash,,,,,,,,,,,,,,,"On January 25, 2024, an invoice was issued for a Sales Expenses, totaling $22205.08. The payment_method of this transaction was cash, and this transaction was paid. This transaction was prepared by Staff, and the approver is Director.",
Expense20240125001,Sales Expenses,2024-01-25,21106.73,Director,Supervisor,Paid,,Cash,,,,,,,,,,,,,,,"On January 25, 2024, an invoice was issued for a Sales Expenses, totaling $21106.73. The payment_method of this transaction was cash, and this transaction was paid. This transaction was prepared by Supervisor, and the approver is Director.",
Interest20240125025,Interest Receivables,2024-01-25,334.83,,,Unpaid,,,,,,,,,Interest receviable,,,,,,,,"On January 25, 2024, an invoice was issued for a Interest Receivables, totaling $334.83. The receive_method of this transaction was interest receviable, and this transaction was unpaid.",
Sale20240126101,Sale,2024-01-26,19338.67,,,Paid,10000.0,,,,P002,Premium Product B,1.0,19338.67,Cash,C013,966.93,18371.74,10000.0,9338.67,,,"On January 26, 2024, an invoice was issued for a Sale, consisting of 1.0 units at a unit price of $19338.67, totaling $19338.67. The cost amount for this transaction was $10000.00, with a tax amount of $966.93, leading to a total amount due of $18371.74. The receive_method of this transaction was cash, and this transaction was paid.",
Sale20240126102,Sale,2024-01-26,286885.38,,,Paid,50000.0,,,,P004,Premium Product D,3.0,95628.46,Cash,C006,14344.27,272541.11,150000.0,136885.38,,,"On January 26, 2024, an invoice was issued for a Sale, consisting of 3.0 units at a unit price of $95628.46, totaling $286885.38. The cost amount for this transaction was $150000.00, with a tax amount of $14344.27, leading to a total amount due of $272541.11. The receive_method of this transaction was cash, and this transaction was paid.",
Sale20240126103,Sale,2024-01-26,9865.43,,,Unpaid,5000.0,,,,P001,Premium Product A,1.0,9865.43,Account Receviable,C009,493.27,9372.16,5000.0,4865.43,,,"On January 26, 2024, an invoice was issued for a Sale, consisting of 1.0 units at a unit price of $9865.43, totaling $9865.43. The cost amount for this transaction was $5000.00, with a tax amount of $493.27, leading to a total amount due of $9372.16. The receive_method of this transaction was account receviable, and this transaction was unpaid.",
Purchase20231231021,Purchase,2023-12-31,100000.0,Director,Staff,Unpaid,20000.0,Account Payable,S007,Supplier 7,P003,Premium Product C,5.0,20000.0,,,,,,,,,"On December 31, 2023, an invoice was issued for a Purchase, consisting of 5.0 units at a unit price of $20000.00, totaling $100000.00. The payment_method of this transaction was account payable, and this transaction was unpaid. This transaction was prepared by Staff, and the approver is Director. The supplier ID is S007, and the supplier name is Supplier 7.",
Expense20240126001,Financial Expenses,2024-01-26,7005.37,Director,Staff,Paid,,Cash,,,,,,,,,,,,,,,"On January 26, 2024, an invoice was issued for a Financial Expenses, totaling $7005.37. The payment_method of this transaction was cash, and this transaction was paid. This transaction was prepared by Staff, and the approver is Director.",
Expense20240126001,Sales Expenses,2024-01-26,19525.1,Director,Staff,Paid,,Cash,,,,,,,,,,,,,,,"On January 26, 2024, an invoice was issued for a Sales Expenses, totaling $19525.10. The payment_method of this transaction was cash, and this transaction was paid. This transaction was prepared by Staff, and the approver is Director.",
Interest20240126026,Interest Receivables,2024-01-26,334.83,,,Unpaid,,,,,,,,,Interest receviable,,,,,,,,"On January 26, 2024, an invoice was issued for a Interest Receivables, totaling $334.83. The receive_method of this transaction was interest receviable, and this transaction was unpaid.",
Sale20240127105,Sale,2024-01-27,295661.79,,,Paid,50000.0,,,,P004,Premium Product D,3.0,98553.93,Cash,C010,14783.09,280878.7,150000.0,145661.79,,,"On January 27, 2024, an invoice was issued for a Sale, consisting of 3.0 units at a unit price of $98553.93, totaling $295661.79. The cost amount for this transaction was $150000.00, with a tax amount of $14783.09, leading to a total amount due of $280878.70. The receive_method of this transaction was cash, and this transaction was paid.",
Sale20240127106,Sale,2024-01-27,98343.59,,,Paid,50000.0,,,,P004,Premium Product D,1.0,98343.59,Cash,C013,4917.18,93426.41,50000.0,48343.59,,,"On January 27, 2024, an invoice was issued for a Sale, consisting of 1.0 units at a unit price of $98343.59, totaling $98343.59. The cost amount for this transaction was $50000.00, with a tax amount of $4917.18, leading to a total amount due of $93426.41. The receive_method of this transaction was cash, and this transaction was paid.",
Purchase20231231022,Purchase,2023-12-31,120000.0,Director,Staff,Paid,20000.0,Bank Transfer,S003,Supplier 3,P003,Premium Product C,6.0,20000.0,,,,,,,,,"On December 31, 2023, an invoice was issued for a Purchase, consisting of 6.0 units at a unit price of $20000.00, totaling $120000.00. The payment_method of this transaction was bank transfer, and this transaction was paid. This transaction was prepared by Staff, and the approver is Director. The supplier ID is S003, and the supplier name is Supplier 3.",
Expense20240127001,Financial Expenses,2024-01-27,22565.02,Director,Senior Staff,Paid,,Cash,,,,,,,,,,,,,,,"On January 27, 2024, an invoice was issued for a Financial Expenses, totaling $22565.02. The payment_method of this transaction was cash, and this transaction was paid. This transaction was prepared by Senior Staff, and the approver is Director.",
Expense20240127001,Sales Expenses,2024-01-27,21535.55,Director,Staff,Paid,,Cash,,,,,,,,,,,,,,,"On January 27, 2024, an invoice was issued for a Sales Expenses, totaling $21535.55. The payment_method of this transaction was cash, and this transaction was paid. This transaction was prepared by Staff, and the approver is Director.",
Expense20240127001,Administrative Expenses,2024-01-27,15913.3,Director,Staff,Paid,,Cash,,,,,,,,,,,,,,,"On January 27, 2024, an invoice was issued for a Administrative Expenses, totaling $15913.30. The payment_method of this transaction was cash, and this transaction was paid. This transaction was prepared by Staff, and the approver is Director.",
Interest20240127027,Interest Receivables,2024-01-27,324.15,,,Unpaid,,,,,,,,,Interest receviable,,,,,,,,"On January 27, 2024, an invoice was issued for a Interest Receivables, totaling $324.15. The receive_method of this transaction was interest receviable, and this transaction was unpaid.",
Sale20240128108,Sale,2024-01-28,89586.63,,,Unpaid,50000.0,,,,P004,Premium Product D,1.0,89586.63,Account Receviable,C010,4479.33,85107.3,50000.0,39586.63,,,"On January 28, 2024, an invoice was issued for a Sale, consisting of 1.0 units at a unit price of $89586.63, totaling $89586.63. The cost amount for this transaction was $50000.00, with a tax amount of $4479.33, leading to a total amount due of $85107.30. The receive_method of this transaction was account receviable, and this transaction was unpaid.",
Sale20240128109,Sale,2024-01-28,8746.55,,,Unpaid,5000.0,,,,P001,Premium Product A,1.0,8746.55,Account Receviable,C001,437.33,8309.22,5000.0,3746.55,,,"On January 28, 2024, an invoice was issued for a Sale, consisting of 1.0 units at a unit price of $8746.55, totaling $8746.55. The cost amount for this transaction was $5000.00, with a tax amount of $437.33, leading to a total amount due of $8309.22. The receive_method of this transaction was account receviable, and this transaction was unpaid.",
Sale20240128110,Sale,2024-01-28,38693.93,,,Paid,20000.0,,,,P003,Premium Product C,1.0,38693.93,Cash,C004,1934.7,36759.23,20000.0,18693.93,,,"On January 28, 2024, an invoice was issued for a Sale, consisting of 1.0 units at a unit price of $38693.93, totaling $38693.93. The cost amount for this transaction was $20000.00, with a tax amount of $1934.70, leading to a total amount due of $36759.23. The receive_method of this transaction was cash, and this transaction was paid.",
Sale20240128111,Sale,2024-01-28,51298.56,,,Paid,10000.0,,,,P002,Premium Product B,3.0,17099.52,Cash,C017,2564.93,48733.63,30000.0,21298.56,,,"On January 28, 2024, an invoice was issued for a Sale, consisting of 3.0 units at a unit price of $17099.52, totaling $51298.56. The cost amount for this transaction was $30000.00, with a tax amount of $2564.93, leading to a total amount due of $48733.63. The receive_method of this transaction was cash, and this transaction was paid.",
Expense20240128001,Sales Expenses,2024-01-28,27817.09,Director,Senior Staff,Paid,,Cash,,,,,,,,,,,,,,,"On January 28, 2024, an invoice was issued for a Sales Expenses, totaling $27817.09. The payment_method of this transaction was cash, and this transaction was paid. This transaction was prepared by Senior Staff, and the approver is Director.",
Expense20240128001,Sales Expenses,2024-01-28,21561.32,Director,Senior Staff,Paid,,Cash,,,,,,,,,,,,,,,"On January 28, 2024, an invoice was issued for a Sales Expenses, totaling $21561.32. The payment_method of this transaction was cash, and this transaction was paid. This transaction was prepared by Senior Staff, and the approver is Director.",
Expense20240128001,Sales Expenses,2024-01-28,6698.63,Director,Senior Staff,Paid,,Cash,,,,,,,,,,,,,,,"On January 28, 2024, an invoice was issued for a Sales Expenses, totaling $6698.63. The payment_method of this transaction was cash, and this transaction was paid. This transaction was prepared by Senior Staff, and the approver is Director.",
Interest20240128028,Interest Receivables,2024-01-28,324.15,,,Unpaid,,,,,,,,,Interest receviable,,,,,,,,"On January 28, 2024, an invoice was issued for a Interest Receivables, totaling $324.15. The receive_method of this transaction was interest receviable, and this transaction was unpaid.",
