id,recorded_type,recorded_date,recorded_amount,recorded_approver,recorded_preparer,recorded_payment/receipt_status,recorded_payment_method,recorded_cost_per_unit,supplier_id,supplier_name,product_id,recorded_product_name,recorded_quantity,recorded_unit_price,recorded_receive_method,recorded_customer_id,recorded_tax_amount,recorded_after_tax_amount,recorded_cost_amount,recorded_profit,asset_name,asset_type,invoice,risk_issues
Initial20231231001,Cash deposit,2023-12-31,3000000.0,,,,,,,,,,,,,,,,,,,,"On December 31, 2023, an invoice was issued for a Cash deposit, totaling $3000000.00.",
Initial20231231001,Bank deposit,2023-12-31,5000000.0,,,,,,,,,,,,,,,,,,,,"On December 31, 2023, an invoice was issued for a Bank deposit, totaling $5000000.00.",
Initial20231231001,Fixed Assets,2023-12-31,5000000.0,,,,,,,,,,,,,,,,,,,,"On December 31, 2023, an invoice was issued for a Fixed Assets, totaling $5000000.00.",
Purchase20231231001,Purchase,2023-12-31,190000.0,Director,Supervisor,Paid,Bank Transfer,10000.0,S010,Supplier 10,P001,Chemical Product A,19.0,10000.0,,,,,,,,,"On December 31, 2023, an invoice was issued for a Purchase, consisting of 19.0 units at a unit price of $10000.00, totaling $190000.00. The payment_method of this transaction was bank transfer, and this transaction was paid. This transaction was prepared by Supervisor, and the approver is Director. The supplier ID is S010, and the supplier name is Supplier 10.",
Purchase20231231002,Purchase,2023-12-31,800000.0,Director,Supervisor,Unpaid,Account Payable,50000.0,S010,Supplier 10,P003,Chemical Product C,16.0,50000.0,,,,,,,,,"On December 31, 2023, an invoice was issued for a Purchase, consisting of 16.0 units at a unit price of $50000.00, totaling $800000.00. The payment_method of this transaction was account payable, and this transaction was unpaid. This transaction was prepared by Supervisor, and the approver is Director. The supplier ID is S010, and the supplier name is Supplier 10.",
Expense20240101001,Sales Expenses,2024-01-01,15645.37,Director,Supervisor,Paid,Cash,,,,,,,,,,,,,,,,"On January 01, 2024, an invoice was issued for a Sales Expenses, totaling $15645.37. The payment_method of this transaction was cash, and this transaction was paid. This transaction was prepared by Supervisor, and the approver is Director.",
Expense20240101001,Administrative Expenses,2024-01-01,37969.92,Director,Supervisor,Paid,Cash,,,,,,,,,,,,,,,,"On January 01, 2024, an invoice was issued for a Administrative Expenses, totaling $37969.92. The payment_method of this transaction was cash, and this transaction was paid. This transaction was prepared by Supervisor, and the approver is Director.",
Expense20240101001,Financial Expenses,2024-01-01,6384.43,Director,Supervisor,Paid,Cash,,,,,,,,,,,,,,,,"On January 01, 2024, an invoice was issued for a Financial Expenses, totaling $6384.43. The payment_method of this transaction was cash, and this transaction was paid. This transaction was prepared by Supervisor, and the approver is Director.",
Expense20240101001,Sales Expenses,2024-01-01,40617.9,Director,Supervisor,Paid,Cash,,,,,,,,,,,,,,,,"On January 01, 2024, an invoice was issued for a Sales Expenses, totaling $40617.90. The payment_method of this transaction was cash, and this transaction was paid. This transaction was prepared by Supervisor, and the approver is Director.",
Depreciation20240101001,Depreciation,2024-01-01,45751.04,,,,,,,,,,,,,,,,,,,,"On January 01, 2024, an invoice was issued for a Depreciation, totaling $45751.04.",
Interest20240101001,Interest Receivables,2024-01-01,428.09,,,Unpaid,,,,,,,,,Interest receviable,,,,,,,,"On January 01, 2024, an invoice was issued for a Interest Receivables, totaling $428.09. The receive_method of this transaction was interest receviable, and this transaction was unpaid.",
Sale20240102003,Sale,2024-01-02,224961.24,,,Unpaid,,50000.0,,,P003,Chemical Product C,4.0,56240.31,Account Receviable,C003,11248.06,213713.18,200000.0,24961.24,,,"On January 02, 2024, an invoice was issued for a Sale, consisting of 4.0 units at a unit price of $56240.31, totaling $224961.24. The cost amount for this transaction was $200000.00, with a tax amount of $11248.06, leading to a total amount due of $213713.18. The receive_method of this transaction was account receviable, and this transaction was unpaid.",
Expense20240102001,Administrative Expenses,2024-01-02,45081.08,Director,Supervisor,Paid,Cash,,,,,,,,,,,,,,,,"On January 02, 2024, an invoice was issued for a Administrative Expenses, totaling $45081.08. The payment_method of this transaction was cash, and this transaction was paid. This transaction was prepared by Supervisor, and the approver is Director.",
Expense20240102001,Sales Expenses,2024-01-02,45044.74,Director,Supervisor,Paid,Cash,,,,,,,,,,,,,,,,"On January 02, 2024, an invoice was issued for a Sales Expenses, totaling $45044.74. The payment_method of this transaction was cash, and this transaction was paid. This transaction was prepared by Supervisor, and the approver is Director.",
Expense20240102001,Administrative Expenses,2024-01-02,36805.48,Director,Supervisor,Paid,Cash,,,,,,,,,,,,,,,,"On January 02, 2024, an invoice was issued for a Administrative Expenses, totaling $36805.48. The payment_method of this transaction was cash, and this transaction was paid. This transaction was prepared by Supervisor, and the approver is Director.",
Expense20240102001,Administrative Expenses,2024-01-02,44888.15,Director,Supervisor,Paid,Cash,,,,,,,,,,,,,,,,"On January 02, 2024, an invoice was issued for a Administrative Expenses, totaling $44888.15. The payment_method of this transaction was cash, and this transaction was paid. This transaction was prepared by Supervisor, and the approver is Director.",
Interest20240102002,Interest Receivables,2024-01-02,428.09,,,Unpaid,,,,,,,,,Interest receviable,,,,,,,,"On January 02, 2024, an invoice was issued for a Interest Receivables, totaling $428.09. The receive_method of this transaction was interest receviable, and this transaction was unpaid.",
Sale20240103005,Sale,2024-01-03,57957.22,,,Unpaid,,50000.0,,,P003,Chemical Product C,1.0,57957.22,Account Receviable,C014,2897.86,55059.36,50000.0,7957.22,,,"On January 03, 2024, an invoice was issued for a Sale, consisting of 1.0 units at a unit price of $57957.22, totaling $57957.22. The cost amount for this transaction was $50000.00, with a tax amount of $2897.86, leading to a total amount due of $55059.36. The receive_method of this transaction was account receviable, and this transaction was unpaid.",
Sale20240103006,Sale,2024-01-03,123043.3,,,Unpaid,,50000.0,,,P003,Chemical Product C,2.0,61521.65,Account Receviable,C008,6152.17,116891.13,100000.0,23043.3,,,"On January 03, 2024, an invoice was issued for a Sale, consisting of 2.0 units at a unit price of $61521.65, totaling $123043.30. The cost amount for this transaction was $100000.00, with a tax amount of $6152.17, leading to a total amount due of $116891.13. The receive_method of this transaction was account receviable, and this transaction was unpaid.",
Purchase20231231003,Purchase,2023-12-31,450000.0,Director,Supervisor,Paid,Bank Transfer,50000.0,S006,Supplier 6,P003,Chemical Product C,9.0,50000.0,,,,,,,,,"On December 31, 2023, an invoice was issued for a Purchase, consisting of 9.0 units at a unit price of $50000.00, totaling $450000.00. The payment_method of this transaction was bank transfer, and this transaction was paid. This transaction was prepared by Supervisor, and the approver is Director. The supplier ID is S006, and the supplier name is Supplier 6.",
Expense20240103001,Administrative Expenses,2024-01-03,18776.65,Director,Supervisor,Paid,Cash,,,,,,,,,,,,,,,,"On January 03, 2024, an invoice was issued for a Administrative Expenses, totaling $18776.65. The payment_method of this transaction was cash, and this transaction was paid. This transaction was prepared by Supervisor, and the approver is Director.",
Expense20240103001,Administrative Expenses,2024-01-03,32203.0,Director,Supervisor,Paid,Cash,,,,,,,,,,,,,,,,"On January 03, 2024, an invoice was issued for a Administrative Expenses, totaling $32203.00. The payment_method of this transaction was cash, and this transaction was paid. This transaction was prepared by Supervisor, and the approver is Director.",
Expense20240103001,Administrative Expenses,2024-01-03,6540.08,Director,Supervisor,Paid,Cash,,,,,,,,,,,,,,,,"On January 03, 2024, an invoice was issued for a Administrative Expenses, totaling $6540.08. The payment_method of this transaction was cash, and this transaction was paid. This transaction was prepared by Supervisor, and the approver is Director.",
Interest20240103003,Interest Receivables,2024-01-03,388.04,,,Unpaid,,,,,,,,,Interest receviable,,,,,,,,"On January 03, 2024, an invoice was issued for a Interest Receivables, totaling $388.04. The receive_method of this transaction was interest receviable, and this transaction was unpaid.",
Sale20240104007,Sale,2024-01-04,324628.85,,,Paid,,50000.0,,,P003,Chemical Product C,5.0,64925.77,Cash,C015,16231.44,308397.41,250000.0,74628.85,,,"On January 04, 2024, an invoice was issued for a Sale, consisting of 5.0 units at a unit price of $64925.77, totaling $324628.85. The cost amount for this transaction was $250000.00, with a tax amount of $16231.44, leading to a total amount due of $308397.41. The receive_method of this transaction was cash, and this transaction was paid.",
Sale20240104008,Sale,2024-01-04,35730.78,,,Unpaid,,10000.0,,,P001,Chemical Product A,3.0,11910.26,Account Receviable,C005,1786.54,33944.24,30000.0,5730.78,,,"On January 04, 2024, an invoice was issued for a Sale, consisting of 3.0 units at a unit price of $11910.26, totaling $35730.78. The cost amount for this transaction was $30000.00, with a tax amount of $1786.54, leading to a total amount due of $33944.24. The receive_method of this transaction was account receviable, and this transaction was unpaid.",
Purchase20231231004,Purchase,2023-12-31,750000.0,Director,Supervisor,Unpaid,Account Payable,50000.0,S008,Supplier 8,P003,Chemical Product C,15.0,50000.0,,,,,,,,,"On December 31, 2023, an invoice was issued for a Purchase, consisting of 15.0 units at a unit price of $50000.00, totaling $750000.00. The payment_method of this transaction was account payable, and this transaction was unpaid. This transaction was prepared by Supervisor, and the approver is Director. The supplier ID is S008, and the supplier name is Supplier 8.",
Purchase20231231005,Purchase,2023-12-31,1600000.0,Director,Supervisor,Paid,Cash,100000.0,S003,Supplier 3,P004,Chemical Product D,16.0,100000.0,,,,,,,,,"On December 31, 2023, an invoice was issued for a Purchase, consisting of 16.0 units at a unit price of $100000.00, totaling $1600000.00. The payment_method of this transaction was cash, and this transaction was paid. This transaction was prepared by Supervisor, and the approver is Director. The supplier ID is S003, and the supplier name is Supplier 3.",
Expense20240104001,Administrative Expenses,2024-01-04,22655.83,Director,Supervisor,Paid,Cash,,,,,,,,,,,,,,,,"On January 04, 2024, an invoice was issued for a Administrative Expenses, totaling $22655.83. The payment_method of this transaction was cash, and this transaction was paid. This transaction was prepared by Supervisor, and the approver is Director.",
Expense20240104001,Administrative Expenses,2024-01-04,5875.54,Director,Supervisor,Paid,Cash,,,,,,,,,,,,,,,,"On January 04, 2024, an invoice was issued for a Administrative Expenses, totaling $5875.54. The payment_method of this transaction was cash, and this transaction was paid. This transaction was prepared by Supervisor, and the approver is Director.",
Expense20240104001,Administrative Expenses,2024-01-04,8178.75,Director,Supervisor,Paid,Cash,,,,,,,,,,,,,,,,"On January 04, 2024, an invoice was issued for a Administrative Expenses, totaling $8178.75. The payment_method of this transaction was cash, and this transaction was paid. This transaction was prepared by Supervisor, and the approver is Director.",
Expense20240104001,Administrative Expenses,2024-01-04,35247.21,Director,Supervisor,Paid,Cash,,,,,,,,,,,,,,,,"On January 04, 2024, an invoice was issued for a Administrative Expenses, totaling $35247.21. The payment_method of this transaction was cash, and this transaction was paid. This transaction was prepared by Supervisor, and the approver is Director.",
Interest20240104004,Interest Receivables,2024-01-04,388.04,,,Unpaid,,,,,,,,,Interest receviable,,,,,,,,"On January 04, 2024, an invoice was issued for a Interest Receivables, totaling $388.04. The receive_method of this transaction was interest receviable, and this transaction was unpaid.",
Sale20240105009,Sale,2024-01-05,13427.66,,,Paid,,10000.0,,,P001,Chemical Product A,1.0,13427.66,Cash,C020,671.38,12756.28,10000.0,3427.66,,,"On January 05, 2024, an invoice was issued for a Sale, consisting of 1.0 units at a unit price of $13427.66, totaling $13427.66. The cost amount for this transaction was $10000.00, with a tax amount of $671.38, leading to a total amount due of $12756.28. The receive_method of this transaction was cash, and this transaction was paid.",
Purchase20231231006,Purchase,2023-12-31,100000.0,Director,Supervisor,Paid,Bank Transfer,10000.0,S001,Supplier 1,P001,Chemical Product A,10.0,10000.0,,,,,,,,,"On December 31, 2023, an invoice was issued for a Purchase, consisting of 10.0 units at a unit price of $10000.00, totaling $100000.00. The payment_method of this transaction was bank transfer, and this transaction was paid. This transaction was prepared by Supervisor, and the approver is Director. The supplier ID is S001, and the supplier name is Supplier 1.",
Purchase20231231007,Purchase,2023-12-31,340000.0,Director,Supervisor,Paid,Bank Transfer,20000.0,S005,Supplier 5,P002,Chemical Product B,17.0,20000.0,,,,,,,,,"On December 31, 2023, an invoice was issued for a Purchase, consisting of 17.0 units at a unit price of $20000.00, totaling $340000.00. The payment_method of this transaction was bank transfer, and this transaction was paid. This transaction was prepared by Supervisor, and the approver is Director. The supplier ID is S005, and the supplier name is Supplier 5.",
Expense20240105001,Administrative Expenses,2024-01-05,47852.57,Director,Supervisor,Paid,Cash,,,,,,,,,,,,,,,,"On January 05, 2024, an invoice was issued for a Administrative Expenses, totaling $47852.57. The payment_method of this transaction was cash, and this transaction was paid. This transaction was prepared by Supervisor, and the approver is Director.",
Expense20240105001,Sales Expenses,2024-01-05,8548.74,Director,Supervisor,Paid,Cash,,,,,,,,,,,,,,,,"On January 05, 2024, an invoice was issued for a Sales Expenses, totaling $8548.74. The payment_method of this transaction was cash, and this transaction was paid. This transaction was prepared by Supervisor, and the approver is Director.",
Expense20240105001,Financial Expenses,2024-01-05,44678.92,Director,Supervisor,Paid,Cash,,,,,,,,,,,,,,,,"On January 05, 2024, an invoice was issued for a Financial Expenses, totaling $44678.92. The payment_method of this transaction was cash, and this transaction was paid. This transaction was prepared by Supervisor, and the approver is Director.",
Expense20240105001,Administrative Expenses,2024-01-05,6887.06,Director,Supervisor,Paid,Cash,,,,,,,,,,,,,,,,"On January 05, 2024, an invoice was issued for a Administrative Expenses, totaling $6887.06. The payment_method of this transaction was cash, and this transaction was paid. This transaction was prepared by Supervisor, and the approver is Director.",
Interest20240105005,Interest Receivables,2024-01-05,348.88,,,Unpaid,,,,,,,,,Interest receviable,,,,,,,,"On January 05, 2024, an invoice was issued for a Interest Receivables, totaling $348.88. The receive_method of this transaction was interest receviable, and this transaction was unpaid.",
Sale20240106011,Sale,2024-01-06,270861.76,,,Paid,,100000.0,,,P004,Chemical Product D,2.0,135430.88,Cash,C015,13543.09,257318.67,200000.0,70861.76,,,"On January 06, 2024, an invoice was issued for a Sale, consisting of 2.0 units at a unit price of $135430.88, totaling $270861.76. The cost amount for this transaction was $200000.00, with a tax amount of $13543.09, leading to a total amount due of $257318.67. The receive_method of this transaction was cash, and this transaction was paid.",
Sale20240106012,Sale,2024-01-06,465860.56,,,Paid,,100000.0,,,P004,Chemical Product D,4.0,116465.14,Cash,C020,23293.03,442567.53,400000.0,65860.56,,,"On January 06, 2024, an invoice was issued for a Sale, consisting of 4.0 units at a unit price of $116465.14, totaling $465860.56. The cost amount for this transaction was $400000.00, with a tax amount of $23293.03, leading to a total amount due of $442567.53. The receive_method of this transaction was cash, and this transaction was paid.",
Expense20240106001,Sales Expenses,2024-01-06,31523.0,Director,Supervisor,Paid,Cash,,,,,,,,,,,,,,,,"On January 06, 2024, an invoice was issued for a Sales Expenses, totaling $31523.00. The payment_method of this transaction was cash, and this transaction was paid. This transaction was prepared by Supervisor, and the approver is Director.",
Expense20240106001,Financial Expenses,2024-01-06,26390.16,Director,Supervisor,Paid,Cash,,,,,,,,,,,,,,,,"On January 06, 2024, an invoice was issued for a Financial Expenses, totaling $26390.16. The payment_method of this transaction was cash, and this transaction was paid. This transaction was prepared by Supervisor, and the approver is Director.",
Expense20240106001,Administrative Expenses,2024-01-06,21305.3,Director,Supervisor,Paid,Cash,,,,,,,,,,,,,,,,"On January 06, 2024, an invoice was issued for a Administrative Expenses, totaling $21305.30. The payment_method of this transaction was cash, and this transaction was paid. This transaction was prepared by Supervisor, and the approver is Director.",
Expense20240106001,Sales Expenses,2024-01-06,9816.98,Director,Supervisor,Paid,Cash,,,,,,,,,,,,,,,,"On January 06, 2024, an invoice was issued for a Sales Expenses, totaling $9816.98. The payment_method of this transaction was cash, and this transaction was paid. This transaction was prepared by Supervisor, and the approver is Director.",
Interest20240106006,Interest Receivables,2024-01-06,348.88,,,Unpaid,,,,,,,,,Interest receviable,,,,,,,,"On January 06, 2024, an invoice was issued for a Interest Receivables, totaling $348.88. The receive_method of this transaction was interest receviable, and this transaction was unpaid.",
Sale20240107015,Sale,2024-01-07,88931.68,,,Paid,,20000.0,,,P002,Chemical Product B,4.0,22232.92,Cash,C012,4446.58,84485.1,80000.0,8931.68,,,"On January 07, 2024, an invoice was issued for a Sale, consisting of 4.0 units at a unit price of $22232.92, totaling $88931.68. The cost amount for this transaction was $80000.00, with a tax amount of $4446.58, leading to a total amount due of $84485.10. The receive_method of this transaction was cash, and this transaction was paid.",
Sale20240107016,Sale,2024-01-07,208853.52,,,Paid,,50000.0,,,P003,Chemical Product C,3.0,69617.84,Cash,C015,10442.68,198410.84,150000.0,58853.52,,,"On January 07, 2024, an invoice was issued for a Sale, consisting of 3.0 units at a unit price of $69617.84, totaling $208853.52. The cost amount for this transaction was $150000.00, with a tax amount of $10442.68, leading to a total amount due of $198410.84. The receive_method of this transaction was cash, and this transaction was paid.",
Purchase20231231008,Purchase,2023-12-31,300000.0,Director,Supervisor,Paid,Cash,20000.0,S003,Supplier 3,P002,Chemical Product B,15.0,20000.0,,,,,,,,,"On December 31, 2023, an invoice was issued for a Purchase, consisting of 15.0 units at a unit price of $20000.00, totaling $300000.00. The payment_method of this transaction was cash, and this transaction was paid. This transaction was prepared by Supervisor, and the approver is Director. The supplier ID is S003, and the supplier name is Supplier 3.",
Expense20240107001,Financial Expenses,2024-01-07,33797.28,Director,Supervisor,Paid,Cash,,,,,,,,,,,,,,,,"On January 07, 2024, an invoice was issued for a Financial Expenses, totaling $33797.28. The payment_method of this transaction was cash, and this transaction was paid. This transaction was prepared by Supervisor, and the approver is Director.",
Expense20240107001,Administrative Expenses,2024-01-07,43794.13,Director,Supervisor,Paid,Cash,,,,,,,,,,,,,,,,"On January 07, 2024, an invoice was issued for a Administrative Expenses, totaling $43794.13. The payment_method of this transaction was cash, and this transaction was paid. This transaction was prepared by Supervisor, and the approver is Director.",
Expense20240107001,Financial Expenses,2024-01-07,45850.5,Director,Supervisor,Paid,Cash,,,,,,,,,,,,,,,,"On January 07, 2024, an invoice was issued for a Financial Expenses, totaling $45850.50. The payment_method of this transaction was cash, and this transaction was paid. This transaction was prepared by Supervisor, and the approver is Director.",
Interest20240107007,Interest Receivables,2024-01-07,348.88,,,Unpaid,,,,,,,,,Interest receviable,,,,,,,,"On January 07, 2024, an invoice was issued for a Interest Receivables, totaling $348.88. The receive_method of this transaction was interest receviable, and this transaction was unpaid.",
Sale20240108017,Sale,2024-01-08,44600.64,,,Unpaid,,10000.0,,,P001,Chemical Product A,4.0,11150.16,Account Receviable,C001,2230.03,42370.61,40000.0,4600.64,,,"On January 08, 2024, an invoice was issued for a Sale, consisting of 4.0 units at a unit price of $11150.16, totaling $44600.64. The cost amount for this transaction was $40000.00, with a tax amount of $2230.03, leading to a total amount due of $42370.61. The receive_method of this transaction was account receviable, and this transaction was unpaid.",
Sale20240108018,Sale,2024-01-08,626615.25,,,Paid,,100000.0,,,P004,Chemical Product D,5.0,125323.05,Cash,C019,31330.76,595284.49,500000.0,126615.25,,,"On January 08, 2024, an invoice was issued for a Sale, consisting of 5.0 units at a unit price of $125323.05, totaling $626615.25. The cost amount for this transaction was $500000.00, with a tax amount of $31330.76, leading to a total amount due of $595284.49. The receive_method of this transaction was cash, and this transaction was paid.",
Expense20240108001,Administrative Expenses,2024-01-08,40039.15,Director,Supervisor,Paid,Cash,,,,,,,,,,,,,,,,"On January 08, 2024, an invoice was issued for a Administrative Expenses, totaling $40039.15. The payment_method of this transaction was cash, and this transaction was paid. This transaction was prepared by Supervisor, and the approver is Director.",
Expense20240108001,Administrative Expenses,2024-01-08,10465.24,Director,Supervisor,Paid,Cash,,,,,,,,,,,,,,,,"On January 08, 2024, an invoice was issued for a Administrative Expenses, totaling $10465.24. The payment_method of this transaction was cash, and this transaction was paid. This transaction was prepared by Supervisor, and the approver is Director.",
Interest20240108008,Interest Receivables,2024-01-08,348.88,,,Unpaid,,,,,,,,,Interest receviable,,,,,,,,"On January 08, 2024, an invoice was issued for a Interest Receivables, totaling $348.88. The receive_method of this transaction was interest receviable, and this transaction was unpaid.",
Sale20240109019,Sale,2024-01-09,207532.02,,,Paid,,50000.0,,,P003,Chemical Product C,3.0,69177.34,Cash,C009,10376.6,197155.42,150000.0,57532.02,,,"On January 09, 2024, an invoice was issued for a Sale, consisting of 3.0 units at a unit price of $69177.34, totaling $207532.02. The cost amount for this transaction was $150000.00, with a tax amount of $10376.60, leading to a total amount due of $197155.42. The receive_method of this transaction was cash, and this transaction was paid.",
Sale20240109020,Sale,2024-01-09,75581.34,,,Unpaid,,20000.0,,,P002,Chemical Product B,3.0,25193.78,Account Receviable,C006,3779.07,71802.27,60000.0,15581.34,,,"On January 09, 2024, an invoice was issued for a Sale, consisting of 3.0 units at a unit price of $25193.78, totaling $75581.34. The cost amount for this transaction was $60000.00, with a tax amount of $3779.07, leading to a total amount due of $71802.27. The receive_method of this transaction was account receviable, and this transaction was unpaid.",
Expense20240109001,Administrative Expenses,2024-01-09,23339.78,Director,Supervisor,Paid,Cash,,,,,,,,,,,,,,,,"On January 09, 2024, an invoice was issued for a Administrative Expenses, totaling $23339.78. The payment_method of this transaction was cash, and this transaction was paid. This transaction was prepared by Supervisor, and the approver is Director.",
Expense20240109001,Financial Expenses,2024-01-09,6468.64,Director,Supervisor,Paid,Cash,,,,,,,,,,,,,,,,"On January 09, 2024, an invoice was issued for a Financial Expenses, totaling $6468.64. The payment_method of this transaction was cash, and this transaction was paid. This transaction was prepared by Supervisor, and the approver is Director.",
Interest20240109009,Interest Receivables,2024-01-09,348.88,,,Unpaid,,,,,,,,,Interest receviable,,,,,,,,"On January 09, 2024, an invoice was issued for a Interest Receivables, totaling $348.88. The receive_method of this transaction was interest receviable, and this transaction was unpaid.",
Sale20240110021,Sale,2024-01-10,53512.74,,,Paid,,20000.0,,,P002,Chemical Product B,2.0,26756.37,Cash,C018,2675.64,50837.1,40000.0,13512.74,,,"On January 10, 2024, an invoice was issued for a Sale, consisting of 2.0 units at a unit price of $26756.37, totaling $53512.74. The cost amount for this transaction was $40000.00, with a tax amount of $2675.64, leading to a total amount due of $50837.10. The receive_method of this transaction was cash, and this transaction was paid.",
Expense20240110001,Sales Expenses,2024-01-10,35848.12,Director,Supervisor,Paid,Cash,,,,,,,,,,,,,,,,"On January 10, 2024, an invoice was issued for a Sales Expenses, totaling $35848.12. The payment_method of this transaction was cash, and this transaction was paid. This transaction was prepared by Supervisor, and the approver is Director.",
Expense20240110001,Sales Expenses,2024-01-10,20056.39,Director,Supervisor,Paid,Cash,,,,,,,,,,,,,,,,"On January 10, 2024, an invoice was issued for a Sales Expenses, totaling $20056.39. The payment_method of this transaction was cash, and this transaction was paid. This transaction was prepared by Supervisor, and the approver is Director.",
Expense20240110001,Administrative Expenses,2024-01-10,44637.38,Director,Supervisor,Paid,Cash,,,,,,,,,,,,,,,,"On January 10, 2024, an invoice was issued for a Administrative Expenses, totaling $44637.38. The payment_method of this transaction was cash, and this transaction was paid. This transaction was prepared by Supervisor, and the approver is Director.",
Expense20240110001,Administrative Expenses,2024-01-10,43770.11,Director,Supervisor,Paid,Cash,,,,,,,,,,,,,,,,"On January 10, 2024, an invoice was issued for a Administrative Expenses, totaling $43770.11. The payment_method of this transaction was cash, and this transaction was paid. This transaction was prepared by Supervisor, and the approver is Director.",
Interest20240110010,Interest Receivables,2024-01-10,348.88,,,Unpaid,,,,,,,,,Interest receviable,,,,,,,,"On January 10, 2024, an invoice was issued for a Interest Receivables, totaling $348.88. The receive_method of this transaction was interest receviable, and this transaction was unpaid.",
Sale20240111024,Sale,2024-01-11,226744.92,,,Paid,,50000.0,,,P003,Chemical Product C,4.0,56686.23,Cash,C015,11337.25,215407.67,200000.0,26744.92,,,"On January 11, 2024, an invoice was issued for a Sale, consisting of 4.0 units at a unit price of $56686.23, totaling $226744.92. The cost amount for this transaction was $200000.00, with a tax amount of $11337.25, leading to a total amount due of $215407.67. The receive_method of this transaction was cash, and this transaction was paid.",
Sale20240111025,Sale,2024-01-11,661322.55,,,Unpaid,,100000.0,,,P004,Chemical Product D,5.0,132264.51,Account Receviable,C016,33066.13,628256.42,500000.0,161322.55,,,"On January 11, 2024, an invoice was issued for a Sale, consisting of 5.0 units at a unit price of $132264.51, totaling $661322.55. The cost amount for this transaction was $500000.00, with a tax amount of $33066.13, leading to a total amount due of $628256.42. The receive_method of this transaction was account receviable, and this transaction was unpaid.",
Purchase20231231009,Purchase,2023-12-31,2700000.0,Director,Supervisor,Paid,Bank Transfer,100000.0,S001,Supplier 1,P004,Chemical Product D,27.0,100000.0,,,,,,,,,"On December 31, 2023, an invoice was issued for a Purchase, consisting of 27.0 units at a unit price of $100000.00, totaling $2700000.00. The payment_method of this transaction was bank transfer, and this transaction was paid. This transaction was prepared by Supervisor, and the approver is Director. The supplier ID is S001, and the supplier name is Supplier 1.",
Expense20240111001,Administrative Expenses,2024-01-11,15446.63,Director,Supervisor,Paid,Cash,,,,,,,,,,,,,,,,"On January 11, 2024, an invoice was issued for a Administrative Expenses, totaling $15446.63. The payment_method of this transaction was cash, and this transaction was paid. This transaction was prepared by Supervisor, and the approver is Director.",
Expense20240111001,Sales Expenses,2024-01-11,43153.71,Director,Supervisor,Paid,Cash,,,,,,,,,,,,,,,,"On January 11, 2024, an invoice was issued for a Sales Expenses, totaling $43153.71. The payment_method of this transaction was cash, and this transaction was paid. This transaction was prepared by Supervisor, and the approver is Director.",
Interest20240111011,Interest Receivables,2024-01-11,108.58,,,Unpaid,,,,,,,,,Interest receviable,,,,,,,,"On January 11, 2024, an invoice was issued for a Interest Receivables, totaling $108.58. The receive_method of this transaction was interest receviable, and this transaction was unpaid.",
Sale20240112027,Sale,2024-01-12,11505.06,,,Paid,,10000.0,,,P001,Chemical Product A,1.0,11505.06,Cash,C011,575.25,10929.81,10000.0,1505.06,,,"On January 12, 2024, an invoice was issued for a Sale, consisting of 1.0 units at a unit price of $11505.06, totaling $11505.06. The cost amount for this transaction was $10000.00, with a tax amount of $575.25, leading to a total amount due of $10929.81. The receive_method of this transaction was cash, and this transaction was paid.",
Sale20240112028,Sale,2024-01-12,112422.12,,,Paid,,50000.0,,,P003,Chemical Product C,2.0,56211.06,Cash,C013,5621.11,106801.01,100000.0,12422.12,,,"On January 12, 2024, an invoice was issued for a Sale, consisting of 2.0 units at a unit price of $56211.06, totaling $112422.12. The cost amount for this transaction was $100000.00, with a tax amount of $5621.11, leading to a total amount due of $106801.01. The receive_method of this transaction was cash, and this transaction was paid.",
Expense20240112001,Financial Expenses,2024-01-12,9105.26,Director,Supervisor,Paid,Cash,,,,,,,,,,,,,,,,"On January 12, 2024, an invoice was issued for a Financial Expenses, totaling $9105.26. The payment_method of this transaction was cash, and this transaction was paid. This transaction was prepared by Supervisor, and the approver is Director.",
Expense20240112001,Administrative Expenses,2024-01-12,29132.68,Director,Supervisor,Paid,Cash,,,,,,,,,,,,,,,,"On January 12, 2024, an invoice was issued for a Administrative Expenses, totaling $29132.68. The payment_method of this transaction was cash, and this transaction was paid. This transaction was prepared by Supervisor, and the approver is Director.",
Expense20240112001,Administrative Expenses,2024-01-12,25439.35,Director,Supervisor,Paid,Cash,,,,,,,,,,,,,,,,"On January 12, 2024, an invoice was issued for a Administrative Expenses, totaling $25439.35. The payment_method of this transaction was cash, and this transaction was paid. This transaction was prepared by Supervisor, and the approver is Director.",
Expense20240112001,Financial Expenses,2024-01-12,28285.77,Director,Supervisor,Paid,Cash,,,,,,,,,,,,,,,,"On January 12, 2024, an invoice was issued for a Financial Expenses, totaling $28285.77. The payment_method of this transaction was cash, and this transaction was paid. This transaction was prepared by Supervisor, and the approver is Director.",
Interest20240112012,Interest Receivables,2024-01-12,108.58,,,Unpaid,,,,,,,,,Interest receviable,,,,,,,,"On January 12, 2024, an invoice was issued for a Interest Receivables, totaling $108.58. The receive_method of this transaction was interest receviable, and this transaction was unpaid.",
Sale20240113029,Sale,2024-01-13,44492.22,,,Paid,,20000.0,,,P002,Chemical Product B,2.0,22246.11,Cash,C015,2224.61,42267.61,40000.0,4492.22,,,"On January 13, 2024, an invoice was issued for a Sale, consisting of 2.0 units at a unit price of $22246.11, totaling $44492.22. The cost amount for this transaction was $40000.00, with a tax amount of $2224.61, leading to a total amount due of $42267.61. The receive_method of this transaction was cash, and this transaction was paid.",
FixedAsset20231231001,Fixed Assets Purchase,2023-12-31,516936.0,,,Paid,Bank Transfer,,S005,Supplier 5,,,,,,,,,,,Processing Equipment4,Processing Equipment,"On December 31, 2023, an invoice was issued for a Fixed Assets Purchase, totaling $516936.00. The payment_method of this transaction was bank transfer, and this transaction was paid. The supplier ID is S005, and the supplier name is Supplier 5.",
Expense20240113001,Administrative Expenses,2024-01-13,42993.54,Director,Supervisor,Paid,Cash,,,,,,,,,,,,,,,,"On January 13, 2024, an invoice was issued for a Administrative Expenses, totaling $42993.54. The payment_method of this transaction was cash, and this transaction was paid. This transaction was prepared by Supervisor, and the approver is Director.",
Expense20240113001,Sales Expenses,2024-01-13,37014.05,Director,Supervisor,Paid,Cash,,,,,,,,,,,,,,,,"On January 13, 2024, an invoice was issued for a Sales Expenses, totaling $37014.05. The payment_method of this transaction was cash, and this transaction was paid. This transaction was prepared by Supervisor, and the approver is Director.",
Expense20240113001,Administrative Expenses,2024-01-13,48865.69,Director,Supervisor,Paid,Cash,,,,,,,,,,,,,,,,"On January 13, 2024, an invoice was issued for a Administrative Expenses, totaling $48865.69. The payment_method of this transaction was cash, and this transaction was paid. This transaction was prepared by Supervisor, and the approver is Director.",
Interest20240113013,Interest Receivables,2024-01-13,62.57,,,Unpaid,,,,,,,,,Interest receviable,,,,,,,,"On January 13, 2024, an invoice was issued for a Interest Receivables, totaling $62.57. The receive_method of this transaction was interest receviable, and this transaction was unpaid.",
Sale20240114031,Sale,2024-01-14,174561.21,,,Unpaid,,50000.0,,,P003,Chemical Product C,3.0,58187.07,Account Receviable,C004,8728.06,165833.15,150000.0,24561.21,,,"On January 14, 2024, an invoice was issued for a Sale, consisting of 3.0 units at a unit price of $58187.07, totaling $174561.21. The cost amount for this transaction was $150000.00, with a tax amount of $8728.06, leading to a total amount due of $165833.15. The receive_method of this transaction was account receviable, and this transaction was unpaid.",
Purchase20231231010,Purchase,2023-12-31,1250000.0,Director,Supervisor,Unpaid,Account Payable,50000.0,S002,Supplier 2,P003,Chemical Product C,25.0,50000.0,,,,,,,,,"On December 31, 2023, an invoice was issued for a Purchase, consisting of 25.0 units at a unit price of $50000.00, totaling $1250000.00. The payment_method of this transaction was account payable, and this transaction was unpaid. This transaction was prepared by Supervisor, and the approver is Director. The supplier ID is S002, and the supplier name is Supplier 2.",
Expense20240114001,Administrative Expenses,2024-01-14,7035.36,Director,Supervisor,Paid,Cash,,,,,,,,,,,,,,,,"On January 14, 2024, an invoice was issued for a Administrative Expenses, totaling $7035.36. The payment_method of this transaction was cash, and this transaction was paid. This transaction was prepared by Supervisor, and the approver is Director.",
Expense20240114001,Administrative Expenses,2024-01-14,26558.77,Director,Supervisor,Paid,Cash,,,,,,,,,,,,,,,,"On January 14, 2024, an invoice was issued for a Administrative Expenses, totaling $26558.77. The payment_method of this transaction was cash, and this transaction was paid. This transaction was prepared by Supervisor, and the approver is Director.",
Expense20240114001,Administrative Expenses,2024-01-14,16903.92,Director,Supervisor,Paid,Cash,,,,,,,,,,,,,,,,"On January 14, 2024, an invoice was issued for a Administrative Expenses, totaling $16903.92. The payment_method of this transaction was cash, and this transaction was paid. This transaction was prepared by Supervisor, and the approver is Director.",
Expense20240114001,Administrative Expenses,2024-01-14,14371.35,Director,Supervisor,Paid,Cash,,,,,,,,,,,,,,,,"On January 14, 2024, an invoice was issued for a Administrative Expenses, totaling $14371.35. The payment_method of this transaction was cash, and this transaction was paid. This transaction was prepared by Supervisor, and the approver is Director.",
Interest20240114014,Interest Receivables,2024-01-14,62.57,,,Unpaid,,,,,,,,,Interest receviable,,,,,,,,"On January 14, 2024, an invoice was issued for a Interest Receivables, totaling $62.57. The receive_method of this transaction was interest receviable, and this transaction was unpaid.",
Sale20240115032,Sale,2024-01-15,278375.6,,,Unpaid,,50000.0,,,P003,Chemical Product C,4.0,69593.9,Account Receviable,C006,13918.78,264456.82,200000.0,78375.6,,,"On January 15, 2024, an invoice was issued for a Sale, consisting of 4.0 units at a unit price of $69593.90, totaling $278375.60. The cost amount for this transaction was $200000.00, with a tax amount of $13918.78, leading to a total amount due of $264456.82. The receive_method of this transaction was account receviable, and this transaction was unpaid.",
Sale20240115033,Sale,2024-01-15,52896.84,,,Paid,,10000.0,,,P001,Chemical Product A,4.0,13224.21,Cash,C007,2644.84,50252.0,40000.0,12896.84,,,"On January 15, 2024, an invoice was issued for a Sale, consisting of 4.0 units at a unit price of $13224.21, totaling $52896.84. The cost amount for this transaction was $40000.00, with a tax amount of $2644.84, leading to a total amount due of $50252.00. The receive_method of this transaction was cash, and this transaction was paid.",
Expense20240115001,Administrative Expenses,2024-01-15,17026.89,Director,Supervisor,Paid,Cash,,,,,,,,,,,,,,,,"On January 15, 2024, an invoice was issued for a Administrative Expenses, totaling $17026.89. The payment_method of this transaction was cash, and this transaction was paid. This transaction was prepared by Supervisor, and the approver is Director.",
Expense20240115001,Administrative Expenses,2024-01-15,13338.45,Director,Supervisor,Paid,Cash,,,,,,,,,,,,,,,,"On January 15, 2024, an invoice was issued for a Administrative Expenses, totaling $13338.45. The payment_method of this transaction was cash, and this transaction was paid. This transaction was prepared by Supervisor, and the approver is Director.",
Expense20240115001,Administrative Expenses,2024-01-15,32685.71,Director,Supervisor,Paid,Cash,,,,,,,,,,,,,,,,"On January 15, 2024, an invoice was issued for a Administrative Expenses, totaling $32685.71. The payment_method of this transaction was cash, and this transaction was paid. This transaction was prepared by Supervisor, and the approver is Director.",
Interest20240115015,Interest Receivables,2024-01-15,62.57,,,Unpaid,,,,,,,,,Interest receviable,,,,,,,,"On January 15, 2024, an invoice was issued for a Interest Receivables, totaling $62.57. The receive_method of this transaction was interest receviable, and this transaction was unpaid.",
Sale20240116034,Sale,2024-01-16,57166.55,,,Paid,,10000.0,,,P001,Chemical Product A,5.0,11433.31,Cash,C007,2858.33,54308.22,50000.0,7166.55,,,"On January 16, 2024, an invoice was issued for a Sale, consisting of 5.0 units at a unit price of $11433.31, totaling $57166.55. The cost amount for this transaction was $50000.00, with a tax amount of $2858.33, leading to a total amount due of $54308.22. The receive_method of this transaction was cash, and this transaction was paid.",
Sale20240116035,Sale,2024-01-16,113297.76,,,Unpaid,,50000.0,,,P003,Chemical Product C,2.0,56648.88,Account Receviable,C016,5664.89,107632.87,100000.0,13297.76,,,"On January 16, 2024, an invoice was issued for a Sale, consisting of 2.0 units at a unit price of $56648.88, totaling $113297.76. The cost amount for this transaction was $100000.00, with a tax amount of $5664.89, leading to a total amount due of $107632.87. The receive_method of this transaction was account receviable, and this transaction was unpaid.",
Purchase20231231011,Purchase,2023-12-31,60000.0,Director,Supervisor,Paid,Cash,10000.0,S009,Supplier 9,P001,Chemical Product A,6.0,10000.0,,,,,,,,,"On December 31, 2023, an invoice was issued for a Purchase, consisting of 6.0 units at a unit price of $10000.00, totaling $60000.00. The payment_method of this transaction was cash, and this transaction was paid. This transaction was prepared by Supervisor, and the approver is Director. The supplier ID is S009, and the supplier name is Supplier 9.",
Expense20240116001,Administrative Expenses,2024-01-16,8734.35,Director,Supervisor,Paid,Cash,,,,,,,,,,,,,,,,"On January 16, 2024, an invoice was issued for a Administrative Expenses, totaling $8734.35. The payment_method of this transaction was cash, and this transaction was paid. This transaction was prepared by Supervisor, and the approver is Director.",
Expense20240116001,Administrative Expenses,2024-01-16,11077.66,Director,Supervisor,Paid,Cash,,,,,,,,,,,,,,,,"On January 16, 2024, an invoice was issued for a Administrative Expenses, totaling $11077.66. The payment_method of this transaction was cash, and this transaction was paid. This transaction was prepared by Supervisor, and the approver is Director.",
Interest20240116016,Interest Receivables,2024-01-16,62.57,,,Unpaid,,,,,,,,,Interest receviable,,,,,,,,"On January 16, 2024, an invoice was issued for a Interest Receivables, totaling $62.57. The receive_method of this transaction was interest receviable, and this transaction was unpaid.",
Sale20240117036,Sale,2024-01-17,63542.4,,,Unpaid,,10000.0,,,P001,Chemical Product A,5.0,12708.48,Account Receviable,C017,3177.12,60365.28,50000.0,13542.4,,,"On January 17, 2024, an invoice was issued for a Sale, consisting of 5.0 units at a unit price of $12708.48, totaling $63542.40. The cost amount for this transaction was $50000.00, with a tax amount of $3177.12, leading to a total amount due of $60365.28. The receive_method of this transaction was account receviable, and this transaction was unpaid.",
Purchase20231231012,Purchase,2023-12-31,210000.0,Director,Supervisor,Unpaid,Account Payable,10000.0,S006,Supplier 6,P001,Chemical Product A,21.0,10000.0,,,,,,,,,"On December 31, 2023, an invoice was issued for a Purchase, consisting of 21.0 units at a unit price of $10000.00, totaling $210000.00. The payment_method of this transaction was account payable, and this transaction was unpaid. This transaction was prepared by Supervisor, and the approver is Director. The supplier ID is S006, and the supplier name is Supplier 6.",
Expense20240117001,Administrative Expenses,2024-01-17,44625.32,Director,Supervisor,Paid,Cash,,,,,,,,,,,,,,,,"On January 17, 2024, an invoice was issued for a Administrative Expenses, totaling $44625.32. The payment_method of this transaction was cash, and this transaction was paid. This transaction was prepared by Supervisor, and the approver is Director.",
Expense20240117001,Administrative Expenses,2024-01-17,5519.89,Director,Supervisor,Paid,Cash,,,,,,,,,,,,,,,,"On January 17, 2024, an invoice was issued for a Administrative Expenses, totaling $5519.89. The payment_method of this transaction was cash, and this transaction was paid. This transaction was prepared by Supervisor, and the approver is Director.",
Expense20240117001,Administrative Expenses,2024-01-17,33594.43,Director,Supervisor,Paid,Cash,,,,,,,,,,,,,,,,"On January 17, 2024, an invoice was issued for a Administrative Expenses, totaling $33594.43. The payment_method of this transaction was cash, and this transaction was paid. This transaction was prepared by Supervisor, and the approver is Director.",
Expense20240117001,Sales Expenses,2024-01-17,21791.16,Director,Supervisor,Paid,Cash,,,,,,,,,,,,,,,,"On January 17, 2024, an invoice was issued for a Sales Expenses, totaling $21791.16. The payment_method of this transaction was cash, and this transaction was paid. This transaction was prepared by Supervisor, and the approver is Director.",
Interest20240117017,Interest Receivables,2024-01-17,62.57,,,Unpaid,,,,,,,,,Interest receviable,,,,,,,,"On January 17, 2024, an invoice was issued for a Interest Receivables, totaling $62.57. The receive_method of this transaction was interest receviable, and this transaction was unpaid.",
Sale20240118038,Sale,2024-01-18,53436.74,,,Paid,,20000.0,,,P002,Chemical Product B,2.0,26718.37,Cash,C006,2671.84,50764.9,40000.0,13436.74,,,"On January 18, 2024, an invoice was issued for a Sale, consisting of 2.0 units at a unit price of $26718.37, totaling $53436.74. The cost amount for this transaction was $40000.00, with a tax amount of $2671.84, leading to a total amount due of $50764.90. The receive_method of this transaction was cash, and this transaction was paid.",
Sale20240118039,Sale,2024-01-18,124386.6,,,Unpaid,,20000.0,,,P002,Chemical Product B,5.0,24877.32,Account Receviable,C012,6219.33,118167.27,100000.0,24386.6,,,"On January 18, 2024, an invoice was issued for a Sale, consisting of 5.0 units at a unit price of $24877.32, totaling $124386.60. The cost amount for this transaction was $100000.00, with a tax amount of $6219.33, leading to a total amount due of $118167.27. The receive_method of this transaction was account receviable, and this transaction was unpaid.",
Expense20240118001,Sales Expenses,2024-01-18,13163.67,Director,Supervisor,Paid,Cash,,,,,,,,,,,,,,,,"On January 18, 2024, an invoice was issued for a Sales Expenses, totaling $13163.67. The payment_method of this transaction was cash, and this transaction was paid. This transaction was prepared by Supervisor, and the approver is Director.",
Expense20240118001,Administrative Expenses,2024-01-18,37457.59,Director,Supervisor,Paid,Cash,,,,,,,,,,,,,,,,"On January 18, 2024, an invoice was issued for a Administrative Expenses, totaling $37457.59. The payment_method of this transaction was cash, and this transaction was paid. This transaction was prepared by Supervisor, and the approver is Director.",
Expense20240118001,Sales Expenses,2024-01-18,8368.24,Director,Supervisor,Paid,Cash,,,,,,,,,,,,,,,,"On January 18, 2024, an invoice was issued for a Sales Expenses, totaling $8368.24. The payment_method of this transaction was cash, and this transaction was paid. This transaction was prepared by Supervisor, and the approver is Director.",
Interest20240118018,Interest Receivables,2024-01-18,62.57,,,Unpaid,,,,,,,,,Interest receviable,,,,,,,,"On January 18, 2024, an invoice was issued for a Interest Receivables, totaling $62.57. The receive_method of this transaction was interest receviable, and this transaction was unpaid.",
Sale20240119042,Sale,2024-01-19,112837.34,,,Paid,,50000.0,,,P003,Chemical Product C,2.0,56418.67,Cash,C013,5641.87,107195.47,100000.0,12837.34,,,"On January 19, 2024, an invoice was issued for a Sale, consisting of 2.0 units at a unit price of $56418.67, totaling $112837.34. The cost amount for this transaction was $100000.00, with a tax amount of $5641.87, leading to a total amount due of $107195.47. The receive_method of this transaction was cash, and this transaction was paid.",
Sale20240119043,Sale,2024-01-19,494053.68,,,Paid,,100000.0,,,P004,Chemical Product D,4.0,123513.42,Cash,C016,24702.68,469351.0,400000.0,94053.68,,,"On January 19, 2024, an invoice was issued for a Sale, consisting of 4.0 units at a unit price of $123513.42, totaling $494053.68. The cost amount for this transaction was $400000.00, with a tax amount of $24702.68, leading to a total amount due of $469351.00. The receive_method of this transaction was cash, and this transaction was paid.",
Expense20240119001,Financial Expenses,2024-01-19,33891.91,Director,Supervisor,Paid,Cash,,,,,,,,,,,,,,,,"On January 19, 2024, an invoice was issued for a Financial Expenses, totaling $33891.91. The payment_method of this transaction was cash, and this transaction was paid. This transaction was prepared by Supervisor, and the approver is Director.",
Expense20240119001,Administrative Expenses,2024-01-19,12615.75,Director,Supervisor,Paid,Cash,,,,,,,,,,,,,,,,"On January 19, 2024, an invoice was issued for a Administrative Expenses, totaling $12615.75. The payment_method of this transaction was cash, and this transaction was paid. This transaction was prepared by Supervisor, and the approver is Director.",
Interest20240119019,Interest Receivables,2024-01-19,62.57,,,Unpaid,,,,,,,,,Interest receviable,,,,,,,,"On January 19, 2024, an invoice was issued for a Interest Receivables, totaling $62.57. The receive_method of this transaction was interest receviable, and this transaction was unpaid.",
Sale20240120044,Sale,2024-01-20,272732.32,,,Unpaid,,50000.0,,,P003,Chemical Product C,4.0,68183.08,Account Receviable,C018,13636.62,259095.7,200000.0,72732.32,,,"On January 20, 2024, an invoice was issued for a Sale, consisting of 4.0 units at a unit price of $68183.08, totaling $272732.32. The cost amount for this transaction was $200000.00, with a tax amount of $13636.62, leading to a total amount due of $259095.70. The receive_method of this transaction was account receviable, and this transaction was unpaid.",
Expense20240120001,Administrative Expenses,2024-01-20,12228.77,Director,Supervisor,Paid,Cash,,,,,,,,,,,,,,,,"On January 20, 2024, an invoice was issued for a Administrative Expenses, totaling $12228.77. The payment_method of this transaction was cash, and this transaction was paid. This transaction was prepared by Supervisor, and the approver is Director.",
Expense20240120001,Financial Expenses,2024-01-20,34585.38,Director,Supervisor,Paid,Cash,,,,,,,,,,,,,,,,"On January 20, 2024, an invoice was issued for a Financial Expenses, totaling $34585.38. The payment_method of this transaction was cash, and this transaction was paid. This transaction was prepared by Supervisor, and the approver is Director.",
Expense20240120001,Administrative Expenses,2024-01-20,8887.24,Director,Supervisor,Paid,Cash,,,,,,,,,,,,,,,,"On January 20, 2024, an invoice was issued for a Administrative Expenses, totaling $8887.24. The payment_method of this transaction was cash, and this transaction was paid. This transaction was prepared by Supervisor, and the approver is Director.",
Expense20240120001,Financial Expenses,2024-01-20,27753.21,Director,Supervisor,Paid,Cash,,,,,,,,,,,,,,,,"On January 20, 2024, an invoice was issued for a Financial Expenses, totaling $27753.21. The payment_method of this transaction was cash, and this transaction was paid. This transaction was prepared by Supervisor, and the approver is Director.",
Interest20240120020,Interest Receivables,2024-01-20,62.57,,,Unpaid,,,,,,,,,Interest receviable,,,,,,,,"On January 20, 2024, an invoice was issued for a Interest Receivables, totaling $62.57. The receive_method of this transaction was interest receviable, and this transaction was unpaid.",
Sale20240121045,Sale,2024-01-21,111510.49,,,Unpaid,,100000.0,,,P004,Chemical Product D,1.0,111510.49,Account Receviable,C006,5575.52,105934.97,100000.0,11510.49,,,"On January 21, 2024, an invoice was issued for a Sale, consisting of 1.0 units at a unit price of $111510.49, totaling $111510.49. The cost amount for this transaction was $100000.00, with a tax amount of $5575.52, leading to a total amount due of $105934.97. The receive_method of this transaction was account receviable, and this transaction was unpaid.",
Sale20240121046,Sale,2024-01-21,66672.84,,,Unpaid,,20000.0,,,P002,Chemical Product B,3.0,22224.28,Account Receviable,C003,3333.64,63339.2,60000.0,6672.84,,,"On January 21, 2024, an invoice was issued for a Sale, consisting of 3.0 units at a unit price of $22224.28, totaling $66672.84. The cost amount for this transaction was $60000.00, with a tax amount of $3333.64, leading to a total amount due of $63339.20. The receive_method of this transaction was account receviable, and this transaction was unpaid.",
Expense20240121001,Administrative Expenses,2024-01-21,29779.75,Director,Supervisor,Paid,Cash,,,,,,,,,,,,,,,,"On January 21, 2024, an invoice was issued for a Administrative Expenses, totaling $29779.75. The payment_method of this transaction was cash, and this transaction was paid. This transaction was prepared by Supervisor, and the approver is Director.",
Expense20240121001,Administrative Expenses,2024-01-21,48450.19,Director,Supervisor,Paid,Cash,,,,,,,,,,,,,,,,"On January 21, 2024, an invoice was issued for a Administrative Expenses, totaling $48450.19. The payment_method of this transaction was cash, and this transaction was paid. This transaction was prepared by Supervisor, and the approver is Director.",
Expense20240121001,Administrative Expenses,2024-01-21,37480.09,Director,Supervisor,Paid,Cash,,,,,,,,,,,,,,,,"On January 21, 2024, an invoice was issued for a Administrative Expenses, totaling $37480.09. The payment_method of this transaction was cash, and this transaction was paid. This transaction was prepared by Supervisor, and the approver is Director.",
Expense20240121001,Administrative Expenses,2024-01-21,32410.37,Director,Supervisor,Paid,Cash,,,,,,,,,,,,,,,,"On January 21, 2024, an invoice was issued for a Administrative Expenses, totaling $32410.37. The payment_method of this transaction was cash, and this transaction was paid. This transaction was prepared by Supervisor, and the approver is Director.",
Interest20240121021,Interest Receivables,2024-01-21,62.57,,,Unpaid,,,,,,,,,Interest receviable,,,,,,,,"On January 21, 2024, an invoice was issued for a Interest Receivables, totaling $62.57. The receive_method of this transaction was interest receviable, and this transaction was unpaid.",
Sale20240122047,Sale,2024-01-22,379472.4,,,Paid,,100000.0,,,P004,Chemical Product D,3.0,126490.8,Cash,C002,18973.62,360498.78,300000.0,79472.4,,,"On January 22, 2024, an invoice was issued for a Sale, consisting of 3.0 units at a unit price of $126490.80, totaling $379472.40. The cost amount for this transaction was $300000.00, with a tax amount of $18973.62, leading to a total amount due of $360498.78. The receive_method of this transaction was cash, and this transaction was paid.",
FixedAsset20231231001,Fixed Assets Purchase,2023-12-31,491117.63,,,Paid,Bank Transfer,,S006,Supplier 6,,,,,,,,,,,Chemical Production Line5,Chemical Production Line,"On December 31, 2023, an invoice was issued for a Fixed Assets Purchase, totaling $491117.63. The payment_method of this transaction was bank transfer, and this transaction was paid. The supplier ID is S006, and the supplier name is Supplier 6.",
Expense20240122001,Financial Expenses,2024-01-22,37551.36,Director,Supervisor,Paid,Cash,,,,,,,,,,,,,,,,"On January 22, 2024, an invoice was issued for a Financial Expenses, totaling $37551.36. The payment_method of this transaction was cash, and this transaction was paid. This transaction was prepared by Supervisor, and the approver is Director.",
Expense20240122001,Administrative Expenses,2024-01-22,22362.86,Director,Supervisor,Paid,Cash,,,,,,,,,,,,,,,,"On January 22, 2024, an invoice was issued for a Administrative Expenses, totaling $22362.86. The payment_method of this transaction was cash, and this transaction was paid. This transaction was prepared by Supervisor, and the approver is Director.",
Expense20240122001,Administrative Expenses,2024-01-22,44737.88,Director,Supervisor,Paid,Cash,,,,,,,,,,,,,,,,"On January 22, 2024, an invoice was issued for a Administrative Expenses, totaling $44737.88. The payment_method of this transaction was cash, and this transaction was paid. This transaction was prepared by Supervisor, and the approver is Director.",
Expense20240122001,Financial Expenses,2024-01-22,12695.17,Director,Supervisor,Paid,Cash,,,,,,,,,,,,,,,,"On January 22, 2024, an invoice was issued for a Financial Expenses, totaling $12695.17. The payment_method of this transaction was cash, and this transaction was paid. This transaction was prepared by Supervisor, and the approver is Director.",
Interest20240122022,Interest Receivables,2024-01-22,18.86,,,Unpaid,,,,,,,,,Interest receviable,,,,,,,,"On January 22, 2024, an invoice was issued for a Interest Receivables, totaling $18.86. The receive_method of this transaction was interest receviable, and this transaction was unpaid.",
Sale20240123048,Sale,2024-01-23,576826.9,,,Paid,,100000.0,,,P004,Chemical Product D,5.0,115365.38,Cash,C002,28841.35,547985.55,500000.0,76826.9,,,"On January 23, 2024, an invoice was issued for a Sale, consisting of 5.0 units at a unit price of $115365.38, totaling $576826.90. The cost amount for this transaction was $500000.00, with a tax amount of $28841.35, leading to a total amount due of $547985.55. The receive_method of this transaction was cash, and this transaction was paid.",
Sale20240123049,Sale,2024-01-23,59988.65,,,Paid,,50000.0,,,P003,Chemical Product C,1.0,59988.65,Cash,C001,2999.43,56989.22,50000.0,9988.65,,,"On January 23, 2024, an invoice was issued for a Sale, consisting of 1.0 units at a unit price of $59988.65, totaling $59988.65. The cost amount for this transaction was $50000.00, with a tax amount of $2999.43, leading to a total amount due of $56989.22. The receive_method of this transaction was cash, and this transaction was paid.",
Purchase20231231013,Purchase,2023-12-31,800000.0,Director,Supervisor,Paid,Bank Transfer,100000.0,S002,Supplier 2,P004,Chemical Product D,8.0,100000.0,,,,,,,,,"On December 31, 2023, an invoice was issued for a Purchase, consisting of 8.0 units at a unit price of $100000.00, totaling $800000.00. The payment_method of this transaction was bank transfer, and this transaction was paid. This transaction was prepared by Supervisor, and the approver is Director. The supplier ID is S002, and the supplier name is Supplier 2.",
Transfer20240123001,Cash to bank transfer,2024-01-23,100000.0,,,,,,,,,,,,,,,,,,,,"On January 23, 2024, an invoice was issued for a Cash to bank transfer, totaling $100000.00.",
Transfer20240123001,Cash to bank transfer,2024-01-23,100000.0,,,,,,,,,,,,,,,,,,,,"On January 23, 2024, an invoice was issued for a Cash to bank transfer, totaling $100000.00.",
Expense20240123001,Financial Expenses,2024-01-23,44003.81,Director,Supervisor,Paid,Cash,,,,,,,,,,,,,,,,"On January 23, 2024, an invoice was issued for a Financial Expenses, totaling $44003.81. The payment_method of this transaction was cash, and this transaction was paid. This transaction was prepared by Supervisor, and the approver is Director.",
Transfer20240123001,Cash to bank transfer,2024-01-23,100000.0,,,,,,,,,,,,,,,,,,,,"On January 23, 2024, an invoice was issued for a Cash to bank transfer, totaling $100000.00.",
Expense20240123001,Administrative Expenses,2024-01-23,35906.0,Director,Supervisor,Paid,Cash,,,,,,,,,,,,,,,,"On January 23, 2024, an invoice was issued for a Administrative Expenses, totaling $35906.00. The payment_method of this transaction was cash, and this transaction was paid. This transaction was prepared by Supervisor, and the approver is Director.",
Transfer20240123001,Cash to bank transfer,2024-01-23,100000.0,,,,,,,,,,,,,,,,,,,,"On January 23, 2024, an invoice was issued for a Cash to bank transfer, totaling $100000.00.",
Expense20240123001,Administrative Expenses,2024-01-23,32768.34,Director,Supervisor,Paid,Cash,,,,,,,,,,,,,,,,"On January 23, 2024, an invoice was issued for a Administrative Expenses, totaling $32768.34. The payment_method of this transaction was cash, and this transaction was paid. This transaction was prepared by Supervisor, and the approver is Director.",
Transfer20240123001,Cash to bank transfer,2024-01-23,100000.0,,,,,,,,,,,,,,,,,,,,"On January 23, 2024, an invoice was issued for a Cash to bank transfer, totaling $100000.00.",
Expense20240123001,Administrative Expenses,2024-01-23,16642.6,Director,Supervisor,Paid,Cash,,,,,,,,,,,,,,,,"On January 23, 2024, an invoice was issued for a Administrative Expenses, totaling $16642.60. The payment_method of this transaction was cash, and this transaction was paid. This transaction was prepared by Supervisor, and the approver is Director.",
Interest20240123023,Interest Receivables,2024-01-23,-7.84,,,Unpaid,,,,,,,,,Interest receviable,,,,,,,,"On January 23, 2024, an invoice was issued for a Interest Receivables, totaling $-7.84. The receive_method of this transaction was interest receviable, and this transaction was unpaid.",
Sale20240124050,Sale,2024-01-24,234776.84,,,Paid,,50000.0,,,P003,Chemical Product C,4.0,58694.21,Cash,C010,11738.84,223038.0,200000.0,34776.84,,,"On January 24, 2024, an invoice was issued for a Sale, consisting of 4.0 units at a unit price of $58694.21, totaling $234776.84. The cost amount for this transaction was $200000.00, with a tax amount of $11738.84, leading to a total amount due of $223038.00. The receive_method of this transaction was cash, and this transaction was paid.",
Transfer20240124001,Cash to bank transfer,2024-01-24,100000.0,,,,,,,,,,,,,,,,,,,,"On January 24, 2024, an invoice was issued for a Cash to bank transfer, totaling $100000.00.",
Purchase20231231014,Purchase,2023-12-31,400000.0,Director,Supervisor,Paid,Bank Transfer,20000.0,S005,Supplier 5,P002,Chemical Product B,20.0,20000.0,,,,,,,,,"On December 31, 2023, an invoice was issued for a Purchase, consisting of 20.0 units at a unit price of $20000.00, totaling $400000.00. The payment_method of this transaction was bank transfer, and this transaction was paid. This transaction was prepared by Supervisor, and the approver is Director. The supplier ID is S005, and the supplier name is Supplier 5.",
Transfer20240124001,Cash to bank transfer,2024-01-24,100000.0,,,,,,,,,,,,,,,,,,,,"On January 24, 2024, an invoice was issued for a Cash to bank transfer, totaling $100000.00.",
Expense20240124001,Administrative Expenses,2024-01-24,31252.23,Director,Supervisor,Paid,Cash,,,,,,,,,,,,,,,,"On January 24, 2024, an invoice was issued for a Administrative Expenses, totaling $31252.23. The payment_method of this transaction was cash, and this transaction was paid. This transaction was prepared by Supervisor, and the approver is Director.",
Transfer20240124001,Cash to bank transfer,2024-01-24,100000.0,,,,,,,,,,,,,,,,,,,,"On January 24, 2024, an invoice was issued for a Cash to bank transfer, totaling $100000.00.",
Expense20240124001,Administrative Expenses,2024-01-24,43724.3,Director,Supervisor,Paid,Cash,,,,,,,,,,,,,,,,"On January 24, 2024, an invoice was issued for a Administrative Expenses, totaling $43724.30. The payment_method of this transaction was cash, and this transaction was paid. This transaction was prepared by Supervisor, and the approver is Director.",
Interest20240124024,Interest Receivables,2024-01-24,-16.74,,,Unpaid,,,,,,,,,Interest receviable,,,,,,,,"On January 24, 2024, an invoice was issued for a Interest Receivables, totaling $-16.74. The receive_method of this transaction was interest receviable, and this transaction was unpaid.",
Sale20240125051,Sale,2024-01-25,69864.95,,,Unpaid,,10000.0,,,P001,Chemical Product A,5.0,13972.99,Account Receviable,C017,3493.25,66371.7,50000.0,19864.95,,,"On January 25, 2024, an invoice was issued for a Sale, consisting of 5.0 units at a unit price of $13972.99, totaling $69864.95. The cost amount for this transaction was $50000.00, with a tax amount of $3493.25, leading to a total amount due of $66371.70. The receive_method of this transaction was account receviable, and this transaction was unpaid.",
Sale20240125052,Sale,2024-01-25,23176.48,,,Paid,,10000.0,,,P001,Chemical Product A,2.0,11588.24,Cash,C003,1158.82,22017.66,20000.0,3176.48,,,"On January 25, 2024, an invoice was issued for a Sale, consisting of 2.0 units at a unit price of $11588.24, totaling $23176.48. The cost amount for this transaction was $20000.00, with a tax amount of $1158.82, leading to a total amount due of $22017.66. The receive_method of this transaction was cash, and this transaction was paid.",
Transfer20240125001,Cash to bank transfer,2024-01-25,100000.0,,,,,,,,,,,,,,,,,,,,"On January 25, 2024, an invoice was issued for a Cash to bank transfer, totaling $100000.00.",
Transfer20240125001,Cash to bank transfer,2024-01-25,100000.0,,,,,,,,,,,,,,,,,,,,"On January 25, 2024, an invoice was issued for a Cash to bank transfer, totaling $100000.00.",
Transfer20240125001,Cash to bank transfer,2024-01-25,100000.0,,,,,,,,,,,,,,,,,,,,"On January 25, 2024, an invoice was issued for a Cash to bank transfer, totaling $100000.00.",
Expense20240125001,Administrative Expenses,2024-01-25,31436.03,Director,Supervisor,Paid,Cash,,,,,,,,,,,,,,,,"On January 25, 2024, an invoice was issued for a Administrative Expenses, totaling $31436.03. The payment_method of this transaction was cash, and this transaction was paid. This transaction was prepared by Supervisor, and the approver is Director.",
Expense20240125001,Purchase,2024-02-24,46350.25,Director,Supervisor,Paid,Cash,,,,,,,,,,,,,,,,"On January 25, 2024, an invoice was issued for a Financial Expenses, totaling $38673.00. The payment_method of this transaction was cash, and this transaction was paid. This transaction was prepared by Supervisor, and the approver is Director.","[{'Original amount': 38673.0, 'Recorded amount': 46350.25, 'id': 'Expense20240125001'}, {'Original date': '2024-01-25', 'Recorded date': '2024-02-24', 'id': 'Expense20240125001'}, {'Original category': 'Financial Expenses', 'Recorded category': 'Purchase', 'id': 'Expense20240125001'}]"
Interest20240125025,Interest Receivables,2024-01-25,9.96,,,Unpaid,,,,,,,,,Interest receviable,,,,,,,,"On January 25, 2024, an invoice was issued for a Interest Receivables, totaling $9.96. The receive_method of this transaction was interest receviable, and this transaction was unpaid.",
Sale20240126053,Sale,2024-01-26,195282.75,,,Paid,,50000.0,,,P003,Chemical Product C,3.0,65094.25,Cash,C015,9764.14,185518.61,150000.0,45282.75,,,"On January 26, 2024, an invoice was issued for a Sale, consisting of 3.0 units at a unit price of $65094.25, totaling $195282.75. The cost amount for this transaction was $150000.00, with a tax amount of $9764.14, leading to a total amount due of $185518.61. The receive_method of this transaction was cash, and this transaction was paid.",
FixedAsset20231231001,Fixed Assets Purchase,2023-12-31,585150.04,,,Paid,Bank Transfer,,S003,Supplier 3,,,,,,,,,,,Processing Equipment6,Processing Equipment,"On December 31, 2023, an invoice was issued for a Fixed Assets Purchase, totaling $585150.04. The payment_method of this transaction was bank transfer, and this transaction was paid. The supplier ID is S003, and the supplier name is Supplier 3.",
Transfer20240126001,Cash to bank transfer,2024-01-26,100000.0,,,,,,,,,,,,,,,,,,,,"On January 26, 2024, an invoice was issued for a Cash to bank transfer, totaling $100000.00.",
Transfer20240126001,Cash to bank transfer,2024-01-26,100000.0,,,,,,,,,,,,,,,,,,,,"On January 26, 2024, an invoice was issued for a Cash to bank transfer, totaling $100000.00.",
Transfer20240126001,Cash to bank transfer,2024-01-26,100000.0,,,,,,,,,,,,,,,,,,,,"On January 26, 2024, an invoice was issued for a Cash to bank transfer, totaling $100000.00.",
Transfer20240126001,Cash to bank transfer,2024-01-26,100000.0,,,,,,,,,,,,,,,,,,,,"On January 26, 2024, an invoice was issued for a Cash to bank transfer, totaling $100000.00.",
Expense20240126001,Sales Expenses,2024-01-26,18064.84,Director,Supervisor,Paid,Cash,,,,,,,,,,,,,,,,"On January 26, 2024, an invoice was issued for a Sales Expenses, totaling $18064.84. The payment_method of this transaction was cash, and this transaction was paid. This transaction was prepared by Supervisor, and the approver is Director.",
Transfer20240126001,Cash to bank transfer,2024-01-26,100000.0,,,,,,,,,,,,,,,,,,,,"On January 26, 2024, an invoice was issued for a Cash to bank transfer, totaling $100000.00.",
Expense20240126001,Administrative Expenses,2024-01-26,38281.69,Director,Supervisor,Paid,Cash,,,,,,,,,,,,,,,,"On January 26, 2024, an invoice was issued for a Administrative Expenses, totaling $38281.69. The payment_method of this transaction was cash, and this transaction was paid. This transaction was prepared by Supervisor, and the approver is Director.",
Interest20240126026,Interest Receivables,2024-01-26,2.38,,,Unpaid,,,,,,,,,Interest receviable,,,,,,,,"On January 26, 2024, an invoice was issued for a Interest Receivables, totaling $2.38. The receive_method of this transaction was interest receviable, and this transaction was unpaid.",
Sale20240127055,Sale,2024-01-27,296311.5,,,Paid,,50000.0,,,P003,Chemical Product C,5.0,59262.3,Cash,C017,14815.58,281495.92,250000.0,46311.5,,,"On January 27, 2024, an invoice was issued for a Sale, consisting of 5.0 units at a unit price of $59262.30, totaling $296311.50. The cost amount for this transaction was $250000.00, with a tax amount of $14815.58, leading to a total amount due of $281495.92. The receive_method of this transaction was cash, and this transaction was paid.",
Transfer20240127001,Cash to bank transfer,2024-01-27,100000.0,,,,,,,,,,,,,,,,,,,,"On January 27, 2024, an invoice was issued for a Cash to bank transfer, totaling $100000.00.",
Purchase20231231015,Purchase,2023-12-31,1300000.0,Director,Supervisor,Paid,Cash,50000.0,S009,Supplier 9,P003,Chemical Product C,26.0,50000.0,,,,,,,,,"On December 31, 2023, an invoice was issued for a Purchase, consisting of 26.0 units at a unit price of $50000.00, totaling $1300000.00. The payment_method of this transaction was cash, and this transaction was paid. This transaction was prepared by Supervisor, and the approver is Director. The supplier ID is S009, and the supplier name is Supplier 9.",
Expense20240127001,Sales Expenses,2024-01-27,12161.94,Director,Supervisor,Paid,Cash,,,,,,,,,,,,,,,,"On January 27, 2024, an invoice was issued for a Sales Expenses, totaling $12161.94. The payment_method of this transaction was cash, and this transaction was paid. This transaction was prepared by Supervisor, and the approver is Director.",
Expense20240127001,Financial Expenses,2024-01-27,46595.61,Director,Supervisor,Paid,Cash,,,,,,,,,,,,,,,,"On January 27, 2024, an invoice was issued for a Financial Expenses, totaling $46595.61. The payment_method of this transaction was cash, and this transaction was paid. This transaction was prepared by Supervisor, and the approver is Director.",
Expense20240127001,Administrative Expenses,2024-01-27,34903.41,Director,Supervisor,Paid,Cash,,,,,,,,,,,,,,,,"On January 27, 2024, an invoice was issued for a Administrative Expenses, totaling $34903.41. The payment_method of this transaction was cash, and this transaction was paid. This transaction was prepared by Supervisor, and the approver is Director.",
Expense20240127001,Administrative Expenses,2024-01-27,35609.13,Director,Supervisor,Paid,Cash,,,,,,,,,,,,,,,,"On January 27, 2024, an invoice was issued for a Administrative Expenses, totaling $35609.13. The payment_method of this transaction was cash, and this transaction was paid. This transaction was prepared by Supervisor, and the approver is Director.",
Interest20240127027,Interest Receivables,2024-01-27,11.28,,,Unpaid,,,,,,,,,Interest receviable,,,,,,,,"On January 27, 2024, an invoice was issued for a Interest Receivables, totaling $11.28. The receive_method of this transaction was interest receviable, and this transaction was unpaid.",
Sale20240128057,Sale,2024-01-28,672051.5,,,Paid,,100000.0,,,P004,Chemical Product D,5.0,134410.3,Cash,C011,33602.58,638448.92,500000.0,172051.5,,,"On January 28, 2024, an invoice was issued for a Sale, consisting of 5.0 units at a unit price of $134410.30, totaling $672051.50. The cost amount for this transaction was $500000.00, with a tax amount of $33602.58, leading to a total amount due of $638448.92. The receive_method of this transaction was cash, and this transaction was paid.",
Expense20240128001,Sales Expenses,2024-01-28,43295.22,Director,Supervisor,Paid,Cash,,,,,,,,,,,,,,,,"On January 28, 2024, an invoice was issued for a Sales Expenses, totaling $43295.22. The payment_method of this transaction was cash, and this transaction was paid. This transaction was prepared by Supervisor, and the approver is Director.",
Expense20240128001,Financial Expenses,2024-01-28,16802.64,Director,Supervisor,Paid,Cash,,,,,,,,,,,,,,,,"On January 28, 2024, an invoice was issued for a Financial Expenses, totaling $16802.64. The payment_method of this transaction was cash, and this transaction was paid. This transaction was prepared by Supervisor, and the approver is Director.",
Expense20240128001,Administrative Expenses,2024-01-28,40454.46,Director,Supervisor,Paid,Cash,,,,,,,,,,,,,,,,"On January 28, 2024, an invoice was issued for a Administrative Expenses, totaling $40454.46. The payment_method of this transaction was cash, and this transaction was paid. This transaction was prepared by Supervisor, and the approver is Director.",
Expense20240128001,Financial Expenses,2024-01-28,29863.94,Director,Supervisor,Paid,Cash,,,,,,,,,,,,,,,,"On January 28, 2024, an invoice was issued for a Financial Expenses, totaling $29863.94. The payment_method of this transaction was cash, and this transaction was paid. This transaction was prepared by Supervisor, and the approver is Director.",
Interest20240128028,Interest Receivables,2024-01-28,11.28,,,Unpaid,,,,,,,,,Interest receviable,,,,,,,,"On January 28, 2024, an invoice was issued for a Interest Receivables, totaling $11.28. The receive_method of this transaction was interest receviable, and this transaction was unpaid.",
